status_id,status_message,link_name,status_type,status_link,status_published,num_reactions,num_comments,num_shares,num_likes,num_loves,num_wows,num_hahas,num_sads,num_angrys,num_special
365989369023_10155757943434024,"【災害に備える、未来のコミュニティづくり】

本日、1995年の阪神淡路大震災、2011年の東日本大震災、2016年の熊本地震を経験し、その後の被災地域の復興や地域活性化に尽力しているコミュニティの代表者をゲストに招いて、災害に備える未来のコミュニティづくりに関する課題などを考える「震災復興コミュニティサミット」を開催いたしました。
今回お招きしたのは、阪神淡路大震災の発生直後から活動して現在では震災の記憶を未来に伝えていくために活動している「阪神淡路大震災1.17希望の灯り」の代表である藤本真一さん、東日本大震災によって町外各地に避難した福島県浪江町の町民をつなげるFacebookページ「つながろう なみえ」を運営している浪江町役場の近野悟史さん、熊本地震によって被害を受けた熊本県益城町を中心に支援活動を行うコミュニティ「くまもと友救の会」代表理事の松岡亮太さん。モデレータは、防災ガール代表理事の田中美咲さんに務めていただきました。

●3者で異なる、支援の形とコミュニティの目的
まず3名の方が語ったのは、現在のコミュニティ活動に対する基本的なスタンスです。23年前の阪神淡路大震災、7年前の東日本大震災、そして発生から2年足らずの熊本地震。それぞれで現在のコミュニティの目的は大きく異るものでした。「思いやりも、やりかたによっては“重い槍”になってしまう。現在
は仮設住宅の住民のコミュニティ支援などをしながら、“住民が自律があってはじめて自立が実現する”という考えのもと、自立支援などの活動を行っています」（松岡さん）。「原発事故に伴う避難指示は一部地域で解除されたが、町内に帰ってきた住民は490人程度。これから町内で新しいコミュニティづくりをしていくことが課題です」（近野さん）。「活動当初は被災地と支援者をつなげる活動や仮設住宅のコミュニティづくりなどを行ってきましたが、現在では震災の記憶を震災を知らない世代に語り継いでいくための取り組みや、全国の災害被災地に対する支援を行っています」（藤本さん）。

●コミュニティ活動の中で活用されるFacebook
ではこうした活動の中で、Facebookはどのように活用されているのでしょうか。松岡さんによると、くまもと友救の会では震災直後にFacebookグループを立ち上げ、毎日の活動報告や被災者から寄せられる声を共有したり、他の支援団体とのコミュニケーションに活用しているといいます。「活動報告では言いにくい活動の中から生まれるリアルな課題も包み隠さず自分たちの言葉で表現するようにしています。この活動報告は今後の自然災害発生時の支援にとって役に立つのではないかという考えのもと発信しています」（松岡さん）。
また「つながろう なみえ」では、時に不確かな情報も飛び交うなかでどのようにしてバラバラになってしまった町民に正確な情報を届けるかという課題に対して、町役場からの公式な情報発信手段としてFacebookページを活用したといいます。「現在では、町内で開催されたイベントの告知や報告、日常的な町の話題などを町民に向けて発信しています。現在では町民以外の方にも浪江町に興味を持っていただけるような情報を届けています」（近野さん）。
そして、「阪神淡路大震災1.17希望の灯り」は二通りの活用をしているといいます。ひとつは、コミュニティの様々な活動や各地で起きた自然災害の支援活動の様子を全国に発信するという活用。そして一方では、コミュニティの活動に興味を持つ報道機関専用のFacebookページを運営して、150名の報道関係者とのつながりを作っているのだそうです。「大事なのは、コミュニティに対して世の中から信用を得るということ。そのために活動の模様を積極的に発信しています。また報道関係者も私たちにとっては大切な仲間なので、関係構築にFacebookを役立てています」（藤本さん）。

●今後の活動に向けた課題と期待
今後の活動に関して、松岡さんは「行政の支援制度や私たちのような支援団体の活動は“知っている人しか活用できない”という課題があります。活動している熊本県益城町の中でも、半分以上の方は私たちのことを知らない。こうした中で行政、ボランティア団体、仮設住宅のコミュニティがMessengerのグループなどを通じて連携してネットワークを作れればいいですね」とコメント。世の中に対しては「行動を起こすことが重要。支援コミュニティのFacebookページを“いいね”するだけでも、そうしたアクションは必ず未来につながっていきます」と呼びかけました。
近野さんは「避難指示解除後も98.5％の町民が町外に住むという状況で、町との関わりをどのように維持していくか。町内に帰ってきた人、町外に避難する人、新たに浪江に住む人をつなげるコミュニティをどう作っていくか。こういった課題があります。様々なつながりを大切にしながら町を復興していきたいですね」とコメント。
また藤本さんは、震災を知らない世代に震災の記憶をつないでいくという活動について「ネット上で信頼を獲得することは難しい。それはネットを日常的に活用する若い世代に対しても同じこと。例えば、Facebookが私たちのような団体を信頼できる団体だと認証するような仕組みがあると良いのではないでしょうか。また、今回のイベントなどを通じて支援団体の横のつながりも作っていきたいですね。それがあって初めて若い人たちを巻き込めるのでは」と今後のFacebookの取り組みに期待を寄せてくださいました。
イベントではそのほか、熊本県益城町、福島県浪江町とFacebookのビデオ通話をつないで現地の様子などを紹介したり、フェイスブック ジャパン代表取締役の長谷川晋、公共政策部長の山口琢也よりフェイスブック ジャパンの災害支援に対する取り組みについて紹介しました。
フェイスブック ジャパンは、災害発生時に被災者向けに提供する「災害支援ハブ」をはじめ、被災者支援のために活動するコミュニティの力になれるよう、今後も様々な取り組みを行ってまいります。 

■ご協力のお願い■
この投稿に「いいね！」などのリアクションをしたり、コメントやシェアをしていただくと、ひとつのアクションにつき10円（上限10万アクション）を「くまもと友救の会」「つながろう なみえ」「阪神淡路大震災1.17希望の灯り」の3団体にフェイスブック ジャパンが寄付いたします。",,video,https://www.facebook.com/FacebookJapan/videos/10155757943434024/,2018-03-01 20:01:00,228,0,13,,218,8,2,0,0,0,0
365989369023_10155756923564024,"【ご協力のお願い：未来につなぐ、いいね！を贈ろうプロジェクト】

もうすぐ3月11日。東日本大震災の発生から7年を迎えます。

フェイスブック ジャパンでは、被災から年月が経った現在もなお、被災地での復興や地域活性化のために尽力している様々なコミュニティを応援したいという思いから、すべてのFacebookユーザーの皆さまにご参加いただける新たな取り組み「未来につなぐ、いいね！を贈ろうプロジェクト」を開始いたします。

本日3月1日（この投稿）から3月11日までに、フェイスブック ジャパン のページで復興支援を行うコミュニティを紹介していきます。
それらすべての投稿について、「いいね！」などのリアクションをしたり、コメントやシェアをしていただくと、ひとつのアクションにつき10円（上限10万アクション）をフェイスブック ジャパンが災害復興・地域活性化のために活動しているコミュニティに寄付いたします。
このようなコミュニティは数多くありますが、今回は下記の3団体を選定させていただきました。

■つながろう　なみえ（福島県）
https://www.facebook.com/tsunagaro.namie/

■阪神淡路大震災1.17希望の灯り（兵庫県）
https://www.facebook.com/117kibounoakari/

■くまもと友救の会（熊本県）
https://www.facebook.com/groups/1538383549797877/about/

今日3月1日には、防災や復興支援の在り方について、上記3団体のコミュニティ代表者をお招きして考える「震災復興コミュニティサミット」を開催しました。

その模様につきましては今後このFacebookページで紹介するとともに、3団体の活動や代表者の被災地復興・活性化に向けた思い、寄付金を活かした今後の活動などにつきましても、3月11日までの間にそれぞれご紹介させていただく予定です。

あなたの「いいね！」、あなたの想いが、被災地の未来につながります。
皆さまのご協力をお願い申し上げます。",Timeline Photos,photo,https://www.facebook.com/FacebookJapan/photos/a.397151394023.176267.365989369023/10155756923564024/?type=3,2018-03-01 12:00:00,1822,12,117,,1662,152,8,0,0,0,0
365989369023_10155754929519024,"【「震災復興コミュニティサミット」ライブ配信のお知らせ】

フェイスブック ジャパンでは、明日3月1日に阪神淡路、東日本、熊本からそれぞれ震災を経験したコミュニティが集う震災復興コミュニティサミットを開催します。

これまで何度かご紹介もしておりますが、Facebookでは有事の際に活用できる「災害支援ハブ」機能を備えています。

利用者間での安否確認ができる「セーフティチェック」や、支援が必要な人と提供できる人をつなぐことができる「コミュニティヘルプ」などを内包し、災害時のコミュニティのサポートを行っています。

サミットでは災害支援ハブについてのご紹介のほか、各地で震災復興に取り組むコミュニティの方々を招きトークセッションも実施します。

トークセッションには、くまもと友救の会 代表理事 松岡亮太さん、阪神淡路大震災1.17希望の灯り 代表 藤本真一さん、浪江町役場 企画財政課 財政管財係 係長 近野悟史さんにご参加いただきます。

モデレーターとしてご登壇いただく防災ガール 代表理事 田中美咲さんのご厚意で、防災ガールのFacebookページにてその模様を明日11:00よりライブ配信していただくことになりました。

みなさま、よろしければぜひご覧ください！
https://www.facebook.com/bosaigirl/posts/1595938480520855",一般社団法人防災ガール,photo,https://www.facebook.com/bosaigirl/photos/a.417346958380019.1073741828.417262405055141/1595936530521050/?type=3,2018-02-28 20:00:00,207,10,11,,193,10,3,0,1,0,0
365989369023_10155754059159024,"【平昌五輪閉幕。最も話題になったのは？】

２５日に閉幕した、平昌五輪。日本選手の皆さんの素晴らしい活躍で過去最多の13個のメダルを獲得し、とても盛り上がりましたね！

五輪期間中、フェイスブック上で最も言及された選手は、スノーボードの男子ハーフパイプで見事金メダルを獲得したアメリカのショーン・ホワイト選手。競技で最も言及されたのはフィギュアスケートで、カーリング、スノーボードが続きました。
日本に限ると、フィギュアスケートやカーリング、スノーボードについての投稿が多かったようです。また、日本で最も注目された投稿は、スノーボードの男子ハーフパイプの銀メダリスト、平野歩夢選手の投稿（https://www.facebook.com/ayumuhirano/posts/2098475227050562）でした。メダリスト3人の写真とともに投稿されたこちらの投稿には、たくさんのコメントが寄せられています。怪我を乗り越え、大技を見事に五輪で成功させたその姿には多くの方が感動したのではないでしょうか。

次は2020年の東京五輪。フェイスブックには五輪関連や選手を応援するコミュニティがたくさんあります。ぜひ多くの方とつながり、東京五輪も盛り上げていきましょう！

平野歩夢選手 インスタグラム：https://www.instagram.com/ayumuhirano1129/",Ayumu Hirano 平野歩夢,photo,https://www.facebook.com/ayumuhirano/photos/a.1565431783688245.1073741829.1417576708473754/2098475207050564/?type=3,2018-02-28 12:00:00,3362,21,41,,3090,234,33,4,1,0,0
365989369023_10155751701349024,"【街中がひな祭り一色！】
2月も残すところあと少し。春はもうすぐそこですね。これから少しずつ暖かくなっていくとともに、春の話題も増えていくのではないでしょうか。3月といえば、まず思い浮かべるのは「ひな祭り」。ということで先日は、一足お先に千葉県勝浦市で開催されている「かつうらビッグひな祭り」を観に行ってきました。

ニュースなどでも度々話題になっている、この「かつうらビッグひな祭り」。市内の遠見岬神社にある60段の石段に約1800体のひな人形が飾られるシーンが印象的です。Facebookカメラで撮影したパノラマフォトでぜひその迫力をお楽しみください。

このお祭り、徳島県勝浦町から約7000体のひな人形を譲り受けたことをきっかけに始まったのだそう。市内各所の会場には約3万体のひな人形が飾られます。街を歩いてみると、小さい商店や飲食店、歴史のある宿泊施設や千葉県警の移動交番に至るまで、あちらこちらにひな人形や吊るし飾りが彩られており、街中がひな祭り一色。観るだけでなく、ひな人形づくりを体験できる場所や、自分自身が十二単衣風の衣装を着ておひな様になりきって写真を撮れるコーナーなども盛り上がっていました。

ちなみに、勝浦は400年以上続いている朝市が岐阜県の高山、石川県の輪島と共に“日本三大朝市”として有名ですが、遠見岬神社は朝市が行われる勝浦港のすぐそばということもあり、街中には猫もいっぱい。ひな人形を楽しみながら猫ちゃんとも触れあうことができますよ。

かつうらビッグひな祭りは、今週末の4日まで開催。素敵なひな人形の写真が撮れたら、ぜひFacebookでシェアしてくださいね。",,photo,https://www.facebook.com/FacebookJapan/photos/a.397151394023.176267.365989369023/10155751701164024/?type=3,2018-02-27 19:00:00,3766,49,295,,3103,194,458,10,1,0,0
365989369023_10155740178569024,"【女性がもっと輝ける社会を目指して！3月25日にイベント開催】
来月3月8日は、女性の社会における地位向上を世界的に啓発する「国際女性デー」。これを記念して、フェイスブック ジャパンは女性活躍社会の推進に向けて活動するNPO団体「Lean In Tokyo」と共催で「国際女性デー記念イベント」を3月25日に東京都内にて開催いたします。

FacebookのCOOであるシェリル・サンドバーグが率いるグローバルな市民活動「Lean In（リーン・イン）」は、彼女が2013年に『Lean In』と題した本を出版したことをきっかけに誕生。現在は120ヵ国で約24,000個のサークルが、女性の社会における活躍を支援して多様性のある社会を実現するために様々な活動をしています。その中で「Lean In Tokyo」は日本の地域代表サークルとして活躍されています。

今回のイベントでは、フェイスブック ジャパンのダイバーシティ＆インクルージョンチームによる「バイアス（偏見や固定観念）をどう乗り越えるか」と題した講演や、先日国連にてスピーチを行って話題となったブロードバンドスクール協会理事の若宮正子さんや日経DUAL編集長の羽生祥子さんをお迎えしたパネルディスカッション、LeanIn.Orgで用いられているワークショップを実施。

自分の強みや自分の好きなことを見つけ出して人生やキャリアにどう活かしていくか、そしてそうした女性の活躍をサポートするためにはどのような組織づくりやバイアスの解消をすればいいのかなど、女性だけでなく男性にとっても参考になる内容になっています。

詳しくは、「Lean In Tokyo 国際女性デー記念イベント」のイベントページを御覧ください。多くの方々のご参加をお待ちしております！
https://www.facebook.com/events/156115655183293/",Lean In Tokyo 国際女性デー記念イベント開催 （3/25）,event,https://www.facebook.com/events/156115655183293/,2018-02-25 12:00:00,206,4,0,,189,14,2,1,0,0,0
365989369023_10155740172539024,"【冬景色とともに楽しむ、打ち上げ花火】
キレイな打ち上げ花火が楽しめる花火大会といえば、暑い夏の風物詩。でも、実は全国各地では冬にも多くの花火大会が楽しめます。今回は、福島県北塩原村で行われた「裏磐梯雪まつり エコナイトファンタジー」をご紹介いたします。

会場は、磐梯山の大噴火（1888年）によって誕生した大きな湖「桧原湖」のすぐそばにある景勝地「レンゲ沼」。真冬のこの時期は桧原湖とともに全面凍結して深く雪が降り積もる湖面に、約3000個のキャンドルを飾ったり、大きなかまくらを作ったりして、集まった多くの来場者の目を楽しませていました。

そして、クライマックスには会場のすぐ近くから打ち上げる大きな花火が。深く降り積もった雪とキャンドルの温かい灯り、そしてダイナミックな打ち上げ花火のコラボレーションは圧巻でした！訪問した2月17日はあいにく強い吹雪だったのですが、その寒さを忘れさせるほど感動的な風景を楽しめました。
https://www.facebook.com/urabandai.inf/

今週末にも、全国各地で花火大会が開催されます。お出かけされる際には、夜の寒さが厳しいのでしっかりと防寒の準備をしてお楽しみください。そして素敵な写真やビデオが撮影できたら、ぜひFacebookのタイムラインでシェアしてくださいね。",,photo,https://www.facebook.com/FacebookJapan/photos/a.397151394023.176267.365989369023/10155740172159024/?type=3,2018-02-23 19:00:01,650,7,11,,602,34,13,1,0,0,0
365989369023_10155736638724024,"【ニャ、ニャ、ニャ～ン！今日 2月22日 は猫の日！】

猫の日の歴史は意外と古くて、愛猫家の学者や文化人の団体を中心に1978年に作られた記念日。なぜ2月22日なのかというのは、もちろん「2.2.2」と「ニャン、ニャン、ニャン」の語呂合わせ。ちなみに猫の日は世界各国に存在していて、アメリカン・ショートヘアでおなじみのアメリカでは10月29日、ロシアンブルーで有名なロシアでは3月1日が猫の日。さらに、8月8日は国際動物福祉基金という動物愛護団体が定めた「International Cat Day」という猫のお祭りの日です。

Facebookでは、猫が好きな人たちがたくさんのFacebookページやFacebookグループを作ってコミュニケーションを楽しんでいます。Facebookの検索機能を使って「猫」「ネコ」といったキーワードで検索すると、たくさんのFacebookページやグループ、公開画像や動画が見つかるので、ぜひお試しください。ちなみに「ニャ」と検索してもたくさんの画像が見つかりますよ！

飼い主にとって猫はたくさんの癒やしをくれる存在であり、大切なパートナー。今日は美味しいご馳走をあげて、Facebookカメラを使ってかわいい写真を撮って、タイムラインに公開してみてくださいニャ！",,video,https://www.facebook.com/FacebookJapan/videos/10155736638724024/,2018-02-22 12:00:00,807,13,48,,713,84,0,10,0,0,0
365989369023_10155720477614024,"【地域を盛り上げるコミュニティストーリー特別編：秋田県 - 佐々木希さんが地元秋田の魅力をFacebook Liveで発信】
地域を活性化するために活動している様々なコミュニティをご紹介しているコミュニティストーリー。今回は特別編として、秋田魁新報社の『希編集長の秋田ある記』をご紹介します。

この『希編集長の秋田ある記』では、地元のものづくりや伝統文化などを取材し、紙面やウェブサイトを通じて秋田の魅力を全国に向けて発信。編集長を務めるのは、女優の佐々木希さんです。秋田県秋田市出身で「あきた美の国大使」としても活動している佐々木さんは、2017年11月に秋田魁新報社の“秋田の魅力発信編集長”に就任。自らが“記者”となって地元のものづくりや伝統文化に関わる方々と交流しながら取材活動を行っています。これまで、秋田の代表的な郷土料理である「きりたんぽ」や、伝統工芸の「曲げわっぱ」を作る職人さん、重要無形民俗文化財にもなっている羽後町の祭り「西馬音内盆踊り」などを取材してきたのだそうです。

ちなみに、2月17日の20時からは秋田県の公式Facebookページ「あきたびじょん」で、Facebook Liveによるライブ配信を実施。佐々木さんが、これまでに取材した様子などを映像で振り返りながら、取材を通じて感じた地元秋田の様々な魅力を語るのだそうです。
https://www.facebook.com/akitavision/

佐々木さんは編集長就任式の際に、「秋田にはまだ私の知らない魅力がたくさんあります。そう言った魅力を掘り下げて、全国の皆様に発信していきたいと思います。しょしけど（恥ずかしいけれど）、大好きな秋田のために頑張ります」とコメントしています。これからの活動が楽しみですね。

Facebook上では、様々な団体や個人が地元のコミュニティを盛り上げるために活動し、情報を発信しています。ぜひ皆さんも様々なFacebookページを通じて、地域が発信する知られざる魅力に触れてみてはいかがでしょうか。",あきたびじょん,link,https://www.facebook.com/akitavision/,2018-02-17 12:00:00,375,11,0,,352,19,3,1,0,0,0
365989369023_10155720445449024,"【人と人がより身近になる世界を実現するために】
先日、フェイスブック ジャパンは東京オフィスにて2018年の製品・サービス戦略や今後の取組みに関しての説明会を開催いたしました。

今回の説明会では、Facebookアジア太平洋地域バイスプレジデントのダン・ニアリーが来日。昨年策定した「コミュニティづくりを応援し、人と人がより身近になる世界を実現する」というFacebookの新しいミッションを実現するための、今後のFacebookのロードマップ（事業計画）を紹介しました。

まず注力すべきは、中核となるFacebook・Instagramサービスの様々な機能により磨きをかけていくということ。その上で、Messenger、グループ機能、ビデオ、など様々なアプリケーションやサービスを拡充して利用者の皆さまのコミュニケーションやコミュニティの形成を力強くサポートして参ります。そして長期的には、途上国におけるネット通信環境の整備や、人工知能、AR／VRなど先進的なテクノロジーの研究開発・実装など、未来につながる取り組みを積極的に推進していきます。

 ダン・ニアリーは、東日本大震災を契機に誕生した「災害支援ハブ」や日本の絵文字文化にインスパイアされて誕生した「リアクション機能」などを挙げた上で、「Facebookの新たな機能やサービスを開発する上で、日本からのインスピレーションが非常に重要になっています」とコメント。

 また、Facebookの機能やサービスは、コミュニティづくりを応援する礎であり、Facebook上でのコミュニティがオフラインで集まるイベントが世界中で開催されていることを紹介しました。また、日本で広がる地域に根ざしたコミュニティについて、現在開催されている平昌冬季五輪のコミュニティを盛り上げるチャットボットや大会マスコットを用いたカメラフィルターについて紹介しました。その上で、東京五輪が開催される2020年に向けて、「私たちは非常にワクワクしており、開催を盛り上げるためにFacebookが果たすべき役割があると考えています。大会を盛り上げるお手伝いをするだけでなく、それを世界中に発信していくお手伝いができるのではと考えています」と語りました。

一方、フェイスブック ジャパン代表取締役の長谷川晋は、ダン・ニアリーの講演を受けて、Facebookの日本語版ができて10周年を迎える2018年のテーマを「可能性をつなぎ、かがやく日本へ」と説明。日本の抱える様々な課題を可能性と捉え、中小企業のビジネスや地方創生の支援、インバウンドの盛り上がりに合わせた海外への情報発信とビジネス拡大の支援、アクティブシニアのコミュニティ支援や女性の起業支援、働き方改革の実現や災害発生時のコミ ュニティ支援など、様々な分野で社会に貢献するために推進していくフェイスブック ジャパンの取り組みを紹介しました。

 Facebookは現在、全世界で毎月21億人の方にお使いいただいております。Facebookはこれからも世界中の皆さまの日々のコミュニケーションを支え、コミュニティの活性化を支援し、そして様々な社会課題の解決に貢献することを目指して、様々な取り組みを行ってまいります。",,video,https://www.facebook.com/FacebookJapan/videos/10155720445449024/,2018-02-16 19:00:00,174,5,7,,159,12,3,0,0,0,0
365989369023_10155711976129024,"【バレンタイン＝チョコは日本だけ？】

今日はバレンタインデー。日本では女性が恋人や友達にチョコレートを贈る日と考えられていて、今年は“SNS映え”するチョコが人気なのだそうです。もし、素敵なチョコを贈ったり贈られたりしたら、ぜひFacebookでシェアしてくださいね。

ところでこのバレンタインデー、日本以外の地域ではどのような習慣があるのでしょうか？

欧米ではバレンタインデーに贈り物をする習慣はありますが、チョコだけでなくお花やメッセージカード、ケーキなどその選択肢は様々。日本では女性が男性にチョコを贈りますが、欧米では男性が恋人に気持ちを伝える日なのだそうです。また、アジアでも中国やタイ、ベトナムなどで、2月14日に男性が恋人にプレゼントを贈る習慣があるのだそうです。

本日2月14日にはFacebookのトップにバレンタインのお祝いメッセージが表示され、その内容を友達とシェアしたり、カスタマイズ可能なカードを送り合うことができます。また、カメラやライブ動画に使うことができる、バレンタイン限定のカメラフィルタやマスク、フレームも登場し、投稿時の背景にもバレンタイン仕様のものを選ぶことができます。皆様も是非、Facebookでバレンタインをお祝いして、素敵な1日にしてくださいね。",Photos from フェイスブック's post,photo,https://www.facebook.com/FacebookJapan/photos/a.397151394023.176267.365989369023/10155711975679024/?type=3,2018-02-14 12:00:00,194,6,4,,181,10,1,2,0,0,0
365989369023_10155700758399024,"【台湾地震：災害支援ハブについてのお知らせ】

2月6日に台湾東部で発生したマグニチュード6.4の大地震を受けて、Facebook上の「災害支援ハブ」では、被災者の安否確認機能や支援拠点・ライフラインなどに関する情報提供を行っているほか、現地の被災状況のシェアや支援の呼びかけなども行っています。
また、この災害支援ハブでは被災者支援募金の呼びかけも行っており、どなたでも支援の輪に参加することが可能です。お寄せいただきました募金は、米国の非営利団体「GlobalGiving」を通じて、被災地で活動する団体の支援に役立てられます。
この地震で被害を受けた皆様には心よりのお見舞いを申し上げるとともに、さらなる被害の拡大なく、一日も早く平穏な日常に戻れますことをお祈りいたします。

https://www.facebook.com/crisisresponse/the-earthquake-in-hualien-city-taiwan-feb07-2018/about/",,status,,2018-02-12 12:00:00,660,5,45,,552,22,5,2,79,0,0
365989369023_10155700747079024,"【冬のお祭りといえば、やっぱりこれ！】
「第69回さっぽろ雪まつり」が北海道札幌市の大通公園を中心に2月12日までの日程で開催されています。今週末にクライマックスを迎えることから、連休中にお出かけされる方もいらっしゃるのではないでしょうか。
さっぽろ雪まつりといえば、ニュースなどで見ることが多い巨大な雪像が印象的ですが、実は広い会場に展示されるその雪像や氷像の数はなんと203基もあり、制作にあたっては5トントラックで約5,500台分もの雪が使われているのだそうです。手塚治虫生誕90周年を記念した雪像や「北海道」命名150年を記念した氷像をはじめ、市民が制作した雪像やソリ遊びができる滑り台なども楽しめます。
また会場では、世界の様々な国・地域・都市から12チームが参加して雪像制作を競いあう「国際雪像コンクール」も開催されており、芸術的な雪像も楽しむことができるほか、すすきの地区では「すすきのアイスワールド2018」が開催され、こちらは数多くの氷像が街を彩ります。
ちなみに、このさっぽろ雪まつりが始まったのは1950年。最初は地元の中高生が雪像を大通公園に作り、その祭りが盛り上がったことが大規模な雪まつりに成長するきっかけになったのだとか。いまでは雪像づくりの名物となっている地元自衛隊チームの参加は1955年から行われており、今年の「ファイナルファンタジー」をモチーフにした雪像は、設計、デザインからすべて制作しているのだそうです。
“SNS映え”すること間違い無しの雪像・氷像が街に溢れる雪まつり、素敵な写真が撮影できたら、ぜひFacebookでシェアしてくださいね。

https://www.facebook.com/sapporocity/

※写真は過去開催のものです",,photo,https://www.facebook.com/FacebookJapan/photos/a.397151394023.176267.365989369023/10155700746354024/?type=3,2018-02-10 12:00:00,1114,15,35,,1037,59,18,0,0,0,0
365989369023_10155699740514024,"【冬のスポーツの祭典、ついに開幕！】

本日2月9日、平昌冬季五輪が開会式を迎え、2月25日まで17日間の日程で熱きウインタースポーツの祭典が開催されます。開会式はこのあと20時から行われる予定で、テレビなどで観る人も多いのではないでしょうか。
スキーやスケート、アイスホッケーをはじめ7競技102種目が実施される平昌五輪。世界中から集まったトップアスリートが、それぞれの種目で世界の頂点を目指します。日本からは124名の選手が参加。日本から選手たちに声援を送りましょう！観戦の感想などを友人とグループを作ってシェアしたり、Facebookのタイムラインに投稿したり、Messengerで観戦中の友人とタイムリーなコミュニケーションをするなど、ぜひみんなで一緒に楽しんでくださいね。
ところで、自宅で観戦することができない方におすすめしたいのが、NHKや民放の各テレビ局が行う番組のインターネット同時配信。熱戦のハイライト動画などを配信してきた五輪公式競技動画配信サイト「gorin.jp」では、今回、民放テレビ局各社が放送する競技をほぼ全て同時配信、NHKも開会式・閉会式をはじめ、主な競技を試験的に同時配信するそうです。注目競技を見逃したくない方は、ぜひチェックしてみてくださいね。

gorin.jp：https://www.facebook.com/gorin.jp/

※写真はイメージです",,photo,https://www.facebook.com/FacebookJapan/photos/a.397151394023.176267.365989369023/10155699739569024/?type=3,2018-02-09 19:00:00,335,9,19,,307,20,7,0,0,1,0
365989369023_10155692027254024,"【本日はセーファーインターネットデー】
2月6日の今日はセーファーインターネットデー、安全なネット利用について考える日です。利用者の方々には、毎日Facebookにアクセスし、特別な瞬間をシェアしたり、グループで質問したり、家族が写っている動画や写真を投稿したり、遠くに住む友達や親戚とつながったりして楽しんでいただいています。Facebookは、 Facebookの使い方について 検索できる保護者向けポータルを開設し、Facebookを最大限に活用するための基本情報やアドバイスをまとめました。ご自身でアカウントを利用する場合にも、お子さまに使い方を教える場合にもお使いいただけます。また、 世界各国のオンラインセキュリティの専門家にもおつなぎします。ぜひ安全にFacebookを利用していただくためにお役立てくださね。
https://www.facebook.com/safety/parents",Parents Portal,link,https://www.facebook.com/safety/parents,2018-02-06 15:38:15,187,8,7,,171,16,0,0,0,0,0
365989369023_10155681100344024,"【全てのFacebook利用者の皆さんに“おめでとう”！】
アメリカ現地時間の本日2月4日は、Facebookの14回目となる誕生日です。Facebookでは、この記念すべき日にサービスをご利用中の全ての皆さんに友達とのつながりをより一層深めていただきたいという考えのもと、毎年2月4日を「フレンズデー」と呼び、Facebook上での皆さんの友情をお祝いしています。

今年のフレンズデーでは、「大の親友」、「話の聞き上手」、「いつも笑わせてくれる友達」などのテンプレートを使ったオリジナルの賞を作成し、シェアして友達に感謝の気持ちを伝えることができます。ぜひたくさんの友達をお祝いして、コミュニケーションを楽しんでくださいね。

また本日、皆さんのタイムラインには、これまで皆さんの繋がりの中で生まれた様々なコミュニケーションをもとに「一番いいね！してくれた人は？」「一番誕生日をお祝いしてくれた人は？」など様々なテーマで友達をお祝いするオリジナル動画を利用者本人のみ閲覧可能な形で配信しています。もちろん、このビデオをシェアしていただくことも可能ですので、話題づくりにぜひご利用ください。

加えて、Facebookカメラにもフレンズデーオリジナルのカメラフレームが登場しました。友達とツーショットの自撮り写真を撮る際に楽しい写真が作れるような面白いフレームになっていますので、ぜひ使ってみてくださいね。

Facebook上では、毎日平均7億5000万以上の新しい友達のつながりが生まれ、誕生日をお祝いしたり、一緒に食事したり、一緒にお出かけしたりなど友達との交流に関する内容が数多く投稿されています。昨年2017年は友達に関する投稿が2016年に比べて2倍に増加し、また定期的にタイムラインに表示される友達との繋がりを祝うビデオは昨年6億回以上共有されました。

私たちFacebookはこれからも、国や地域を問わず皆さんが友達とのコミュニケーションをもっと楽しく、もっと豊かにできるよう様々なニーズに応える多彩な機能を提供し、改善してまいります。Facebookを通じて皆さんの“友達の輪”が国境や人種、思想や信仰の垣根を超えてもっと広がっていくことを、私たちはこれらもずっと願っています。",フレンズデー,video,https://www.facebook.com/FacebookJapan/videos/10155681100344024/,2018-02-05 12:00:00,589,26,29,,504,75,3,6,0,1,0
365989369023_10155680704619024,"【鬼は外！福は内！「豆まき」のあれこれ】
今日2月3日は、節分。恵方巻きを食べたり、豆まきをしたりしている方も多いのではないでしょうか。

ところで、この「豆まき」は、大昔の故事伝説に由来しているのだそうです。もともと節分は、季節の変わり目に発生すると信じられていた邪気＝鬼を追い払う悪霊ばらいの行事として行われ、豆まきは町を荒らす鬼に大豆の炒り豆をぶつけて追い払ったというエピソードから、無病息災を願う習慣として広まっていったのだそうです（諸説あり）。

ちなみに、豆まきの際には「鬼は外！福は内！」と声を掛けますが、鬼を祀っている一部の社寺や、鬼を退治するのではなく改心させて仲良くしようと考えられている地域などでは「福は内！鬼も内！」と掛け声をしているのだとか。また、豆まきの際には「福豆」として売られている大豆の炒り豆を使うことが多いですが、地域によっては落花生、餅、お菓子などをまくところもあるのだそうです。

冒頭にご紹介したとおり、この節分は季節の変わり目の邪気を払う行事ですが、明日2月4日は二十四節気のひとつ「立春」。暦の上では春のはじまりです。まだまだ全国的には寒い日が続いていますが、ここから少しづつ春の足音が聞こえてくるようになるのではないでしょうか。インフルエンザの流行も続いていますので、どうぞお身体に気をつけてお過ごしくださいね。",,photo,https://www.facebook.com/FacebookJapan/photos/a.397151394023.176267.365989369023/10155680702464024/?type=3,2018-02-03 12:00:00,1166,15,62,,1097,56,11,2,0,0,0
365989369023_10155674151624024,"【今夜は、空を見上げてみよう！】
今日1月31日の夜は、全国各地で2015年以来となる皆既月食が見られます。国立天文台によると、今晩20時48分頃から部分的に月食が始まり、21時51分に皆既月食に。その後23時頃まで楽しむことができるそうです。
皆既日食は地球に対して月が太陽を隠してしまう現象ですが、皆既月食は月に対して地球が太陽を隠してしまう現象。月は地球の影に隠れてしまいます。しかし、実は月は真っ黒になるわけではなく、赤茶色に変色したように見えるため、皆既月食の間は普段は見られないような色の月を楽しむことができます。
ちなみに、2015年には皆既月食の時間が12分間しかありませんでしたが、今年は1時間17分も皆既月食するのだとか。観測条件は良く、天候が良ければ全国で月食の始まりから終わりまでを観察することができるのだそうです。ぜひ空を見上げて珍しい天体ショーをお楽しみくださいね。
はるか遠くにある月をスマートフォンやコンパクトカメラで撮影することは難しいかもしれませんが、一眼カメラの望遠レンズで撮影すると、赤茶色に変色した幻想的な月の写真が撮影できます。撮影にトライされた方は、ぜひFacebookで写真をシェアしてみてくださいね。

※写真は2014年皆既月食の模様",,photo,https://www.facebook.com/FacebookJapan/photos/a.397151394023.176267.365989369023/10155674151039024/?type=3,2018-01-31 12:00:00,7619,87,678,,6998,438,169,7,6,1,0
365989369023_10155660519719024,"【セキュリティ設定を確認してみよう！】

今日、1月28日は「データプライバシーデー」。プライバシーの尊重とデータの保護に対する意識の向上や関心喚起を促進することを目的に米国とカナダで始まった世界的な取り組みで、2008年から毎年1月28日に合わせて世界中で様々な活動が行われています。
Facebookユーザーの皆さまにとって、Facebookに保存された個人情報や写真、動画、テキスト投稿、チェックイン履歴の情報などは本人特定性を担保する高度なプライバシーであり、そのデータをアカウントの乗っ取りなどの脅威から保護するためにFacebookでは様々なセキュリティ機能を用意しています。
スマートフォン向けFacebookアプリの「設定」から「アカウント設定」を開いていただくと、パスワードの変更やログインのための二段階認証の設定ができるほか、過去のログイン履歴（時間、場所、デバイス）の確認などをすることができます。また、自分が投稿したテキストや写真は誰が見る可能性があるのか、自分のアカウントや投稿を第三者に検索される可能性があるのかなどの点については、「プライバシー設定」を開いていただくと現在の設定を確認したり、設定を変更することが可能です。
Facebookでは、アカウントのセキュリティ設定や投稿のプライバシー設定をスライドショー形式でわかりやすく説明したヘルプページ「プライバシー基本ガイド」をご用意しています。ぜひ一度ご確認ください。
https://www.facebook.com/about/basics",,photo,https://www.facebook.com/FacebookJapan/photos/a.397151394023.176267.365989369023/10155660519099024/?type=3,2018-01-28 19:00:00,479,5,40,,442,30,6,0,1,0,0
365989369023_10155657565459024,"【いちご狩りが最盛期に突入！】
大寒を過ぎて、関東地方でも大雪になったり、ここ数年で一番と言われる強い寒波がやってきたりなど、真冬の厳しさが日本列島を覆っています。外出の際には足元に充分ご注意いただくと共に、体調管理にも充分ご留意くださいね。

さて、こうした厳しい寒さと共にやってくるもの。それはあま～い「いちご」！この1月から全国でいちご狩りが最盛期を迎え、いちごの産地として有名な栃木、千葉、静岡、福岡、佐賀などをはじめ、各地のいちご農園で4月上旬頃までいちご狩りを実施しています。

いちご狩りは農園によって扱っている品種が異なるほか、立ったままいちご狩りが楽しめる高設栽培を実施しているところや、練乳などのサービスがあるところなど色々な違いがありますので、お出かけされる際にはリサーチしてみてくださいね。また、予約が必要な農園も多いのでお忘れなく。

一般的なスーパーに並んでいるいちごは形の整ったものが選別されて出荷されていますが、いちご農園でいちご狩りを楽しんでみると、大きいもの、小さいもの、面白い形のものなど、ひとつひとつのいちごに“個性”があることに驚かされます。見たことのないような大きないちごや面白い形のいちごは、SNS映えすること間違い無し！ぜひFacebookカメラで撮影してシェアしてくださいね。

ちなみに、Facebookのプロフィールページでは、過去にFacebookでシェアした写真やスマートフォンで撮影した写真の中からお気に入りの5枚を「注目の写真」として表示することができるのはご存知でしたか？クリスマスから年末年始に撮影した思い出の写真など、素敵な写真であなたのプロフィールを更に充実させてくださいね。",,photo,https://www.facebook.com/FacebookJapan/photos/a.397151394023.176267.365989369023/10155657565119024/?type=3,2018-01-26 12:00:00,1295,14,35,,1210,74,10,1,0,0,0
365989369023_10155651175434024,"【プロフィール写真＆カバー写真をもっと楽しく！】
Facebookをお使いの皆さんにとってまさに“顔”と言えるのが、プロフィール写真とカバー写真。こだわって素敵なプロフィール写真やカバー写真を掲載されている方も多いのではないでしょうか。今回は、そんなプロフィール写真やカバー写真を楽しくする小ネタをご紹介します。

実は、プロフィール写真には様々なフレームが用意されているってご存知でしたか？アップロードしたプロフィール写真から、デスクトップPCのの場合は「プロフィール写真を変更」から、モバイルの場合はプロフィール画面にある「編集する（または編集）」を開くと、「フレームを追加」というメニューが出現します。そこでは、様々なかわいいプロフィール写真用フレームが用意されており、自由に選ぶことが可能です。また、プロフィール写真はアップロードの際に「公開期間」を選択することが可能で、記念日やイベントに合わせた期間限定のプロフィール写真を設定することができるほか、動画も選択することができます。
https://www.facebook.com/profilepicframes

一方、カバー写真は季節ごとに色々な写真を更新している方も多いのではないでしょうか。実はこのカバー写真にぴったり収まる画像のサイズはFacebookのヘルプセンターで公開されていて、パソコンでは幅820ピクセルx高さ312ピクセル、スマホでは幅640ピクセルx高さ360ピクセルの大きさで表示されます。このサイズにピタリと収まる画像をご用意いただければ、カバー写真をきれいに見せることができるでしょう。一方、このサイズを下回る場合には画像が拡大されて少々画質が少々粗くなってしまいますので、ご留意くださいね。

ちなみに、カバー写真には360度フォトも設定することができ、素敵な景色をカバー写真にされたい場合などは、Facebookカメラで360度フォトを撮影して直接カバー写真にアップロードし、個性的なプロフィールページを作ることが可能です。最新のスマホ用Facebookアプリでぜひお試しください。

クリスマスから年末年始にかけて、色々なシーンで沢山の素敵な写真を撮影した方も多いのではないでしょうか。スマホに撮り貯めた写真を、ぜひ個性的なプロフィール写真やカバー写真づくりに活用して、友人とのコミュニケーションを楽しんでくださいね。",,video,https://www.facebook.com/FacebookJapan/videos/10155651175434024/,2018-01-23 19:00:00,477,10,61,,431,35,10,1,0,0,0
365989369023_10155650708534024,,フェイスブック's cover photo,photo,https://www.facebook.com/FacebookJapan/photos/a.10150545208914024.383997.365989369023/10155650694109024/?type=3,2018-01-23 12:00:02,1234,10,16,,1143,74,14,3,0,0,0
365989369023_10155638787329024,"【冬にまつわる気象記録いろいろ】
今日1月20日は二十四節気のひとつ「大寒」。これから立春を迎えるまでの間が、1年で最も寒さが厳しい時季と言われています。度重なる寒波の影響などで北海道から日本海側を中心に大雪が続いていますが、どうぞ皆さんご自愛くださいね。

さて、今日はちょっと寒～い話題。夏場には最高気温をどこが観測するかで話題になりますが、日本で過去最も低い最低気温を記録した場所をご存知ですか？総務省統計局によると、観測史上最も低い気温を記録したのは、北海道上川地方の上川測候所（現在の旭川地方気象台）。今から100年以上前の1902年1月25日に最低気温マイナス41.0度を観測しています。マイナス41.0度の世界・・・なんでも凍ってしまいそうですね！

ちなみに、気象庁の記録によると、過去最低気温ランキング上位20位のうち19地点が北海道。そのうち12地点が上川地方なのだとか。のこる1地点は富士山で、1981年にマイナス38.0度という最低気温を記録しています。一方、積雪量の記録に目を向けてみると、上位20位のうち北海道は2地点のみで、1位は滋賀県の伊吹山。1927年に1182センチ（約11メートル）という記録を残しており、これは2013年に青森県酸ヶ湯で記録された566センチの倍以上という積雪に。豪雪地帯として知られる新潟県が9地点でランクインしています。

こうした気温や積雪の記録は気象庁などの観測所のデータですので、実際にはもっと寒い場所、もっと雪が積もっている場所があるかもしれません。こうした地域にお住まいの方は、足元に充分お気をつけください。また、これから2月に掛けて北海道の「さっぽろ雪まつり」をはじめ様々な地域で雪まつり・冬まつりが開催されます。楽しい思い出や素敵な写真は、ぜひFacebookでシェアしてくださいね！",,photo,https://www.facebook.com/FacebookJapan/photos/a.397151394023.176267.365989369023/10155638783739024/?type=3,2018-01-20 12:00:01,1124,16,72,,1051,48,20,4,1,0,0
365989369023_10155638907729024,"『バズらせ 〜人気者になる方法教えます！〜』

ネットインフルエンサーたちが「インターネット老人会」「若者YouTuber」２つの講師チームに分かれ、
人気者になりたい企業やタレント、アーティスト、芸人など様々な立場の方に熱血指導します！
フォロワーアップのノウハウも盛り沢山！！
これを見れば、あなたもSNSで人気者になれるかも！？",『バズらせ 〜人気者になる方法教えます！〜』,video,https://www.facebook.com/FacebookJapan/videos/10155638907729024/,2018-01-19 18:55:14,948,334,39,,572,99,34,56,24,163,0
365989369023_10155632351909024,"【あの日の記憶を、未来につなぐ】
兵庫県神戸市を中心に関西地方に大きな被害をもたらした阪神・淡路大震災の発生から、今日で23年を迎えました。1月17日は災害時におけるボランティア活動や自主的な災害への備えについて考える「防災とボランティアの日」とされ、また1月15日から1月21日までは「防災とボランティア週間」とされています。

この23年の間に、日本は各地で大きな自然災害に直面してきました。被災された各地では今でも地域の復興と活性化に向けて様々な取り組みをされていますが、そこで語られる不安のひとつが「災害の風化」です。災害の記憶が人々から忘れられてしまうことで、支援の輪が途切れてしまうだけでなく、その災害から得られた教訓が将来また起きるであろう災害に活かされないのではないか。風化していく災害に、被災地の方々は心を痛めています。

阪神・淡路大震災を記録してその体験、経験を語り継ぎながら、震災によって生まれた「生きる知恵」を伝えたり、災害に対して支え合う仕組みづくりを進めているNPO法人「阪神淡路大震災 1.17希望の灯り」の代表を務める藤本真一さんは、次のように語ります。

「私たちは、震災の記憶を伝え続けようと活動していますが、その背景には“私たちのように悲しい思いをしてほしくない”という気持ちが込められています。今も、そしてこれからも大きな災害が全国各地で発生していく中で、23年前の出来事は決して他人事ではなく、いつどこで大きな災害が身の回りで発生するかわかりません。だから、そのための最低限の備えを、23年前の出来事をきっかけに少しでも考えていただければ」。

「阪神淡路大震災 1.17希望の灯り」は、阪神・淡路大震災発生直後に立ち上がったボランティア団体を母体に設立され、これまで被災地の災害遺構を記録する「震災モニュメントマップ」の制作や、震災モニュメントウォークの開催、震災モニュメント「1.17希望の灯り」の設置など、震災の記憶を全国に伝える活動を続けています。神戸の街に灯る「1.17希望の灯り」は、神戸市内の小中学校をはじめ様々な団体に分灯され、全国各地に灯っているのだそうです。また今年からは、ご家庭に残る震災当時の映像や写真をデジタル化し、保存する取り組みを始めるといいます。

「東日本大震災からは間もなく7年を迎えますが、いま中学生くらいの方の中ではその記憶ですら忘れられてしまっているのではないでしょうか。そういう状況の中で、今後発生するであろう大きな自然災害に向けて、いかに“心の防災”ができるか。そのために、23年前に起きた阪神・淡路大震災の記憶を少しでも自分のこととして感じてもらえれば。そうした思いから、これからも活動を続けていきます」（藤本さん）。

今年はまだ始まったばかりですが、これからの未来のことは誰にも予想できません。明日、もしも何かが起きたら、あなたならどうするでしょうか。1月17日をきっかけに、ご家族や友人と語り合ってみてはいかがでしょうか。

https://www.facebook.com/117kibounoakari/",,photo,https://www.facebook.com/FacebookJapan/photos/a.397151394023.176267.365989369023/10155632351249024/?type=3,2018-01-17 12:00:00,3229,30,221,,2861,96,3,1,268,0,0
365989369023_10155620543029024,,東京オートサロン2018,photo,https://www.facebook.com/FacebookJapan/photos/a.10155620542404024.1073741851.365989369023/10155620543029024/?type=3,2018-01-12 19:00:32,1615,18,54,,1520,67,27,1,0,0,0
365989369023_10155620445289024,"【クルマ好きの祭典が開幕！】
幕張メッセ（千葉県）にて、カスタムカー・ドレスアップカー・チューニングカーの展示会「東京オートサロン2018」が、1月14日までの日程で開催されています。12日のプレスデーに潜入して、展示車両の写真を撮影してきました！

昨年10月にご紹介した東京モーターショーは、国内外の主要な自動車メーカーが最新モデルやコンセプトカーを展示することで知られていますが、この東京オートサロンはクルマをドレスアップしたりチューニングしたりするパーツメーカーをはじめ、自動車を専門に学ぶ大学校や専門学校なども多数参加。また、自動車メーカーもモータースポーツ部門が主役となり、レーシングカーなどを多数展示していました。また屋外ではレーシングカーによるドリフト走行のデモンストレーションなども行われ、会場に集まった多くのファンの注目を集めていました。

撮影した写真はフォトアルバムでご紹介しています。その中の気に入った写真や、またこの週末に来場される方で素敵な写真が撮れたらぜひシェアしてくださいね！
https://www.facebook.com/tokyoautosalon/",東京オートサロン,link,https://www.facebook.com/tokyoautosalon/,2018-01-12 19:00:00,653,10,0,,619,27,7,0,0,0,0
365989369023_10155620389694024,"【日本政府観光局（JNTO）によるフォトコンテストがスタート】

本日より、日本政府観光局（JNTO）によるInstagramを利用したフォトコンテスト「Visit Japan Photo Contest 2018」が始まりました。「日本の食」、「日本の伝統行事」、「日本の風景」の3つの部門が設けられており、受賞作品はJNTOの公式Instagramアカウントで紹介されるほか、豪華商品のプレゼントもあります！

こちらのコンテストはInstagramによるキャンペーン「#UnknownJapan」とも連携しており、日本の知られざる魅力を世界中の人たちに発信していくことを目的にしています。

お気に入りの日本食や地元の行事、旅先の風景など、ぜひInstagramにシェアしてコンテストに参加してみてください。

参加方法（応募は2月8日まで、結果発表は3月頃を予定）
・JNTOの公式Instagramアカウント（@visitjapanjp）をフォロー
・部門ごとに指定のハッシュタグ（#vj_food_2018 / #vj_event_2018 / #vj_view_2018）をつける
・#UnknownJapan のハッシュタグをつける
・ロケーション（場所）のタグをつける",Visit Japan International,photo,https://www.facebook.com/visitjapaninternational/photos/a.233100593429028.56028.211783385560749/1850206145051790/?type=3,2018-01-12 17:14:19,462,3,9,,429,23,10,0,0,0,0
365989369023_10155602539744024,"【成人式、その由来は日本一小さい市】
1月の第2月曜日は、成人の日。お盆や大型連休中に行われる一部の地域を除いて、この連休中に全国各地で新成人の門出を祝う成人式が開催されています。

ところで、この成人式という行事の由来となったのは、現在は日本一面積の小さい市として知られている埼玉県蕨市（当時の埼玉県北足立郡蕨町）で1946年に行われた「青年式」と言われています。現在の成人式は多くの場合は市民会館などのホールで行われることが多いですが、日本で最初の青年式は小学校の校庭で行われたのだそうです。ちなみに、この蕨市では現在でも成人式のことを「成年式」と呼んでおり、市の中心部には「成年式発祥の地」の記念碑が立っています。

総務省統計局のまとめたところによると、今年新成人になられた方は、全国で123万人とのこと。身近に新成人を迎えられた方がいらっしゃったら、ぜひFacebookでお祝いメッセージを送ってみてはいかがでしょうか？",,photo,https://www.facebook.com/FacebookJapan/photos/a.397151394023.176267.365989369023/10155602539509024/?type=3,2018-01-08 12:00:00,1978,32,97,,1843,88,41,5,1,0,0
365989369023_10155572645824024,"【一年の計は元旦にあり！皆さんの“今年の目標”は？】
皆さま、明けましておめでとうございます！

今年も、このFacebookページでは季節の話題やFacebookを活用するためのヒント、Facebookの取り組みや各地で活動されているコミュニティのご紹介など様々なコンテンツを掲載して参ります。引き続き、どうぞよろしくお願い申し上げます。

さて、元日といえば「一年の計は元旦にあり」という言葉がありますが、今年の目標や計画は元日に立てるのが良いという意味や、何事も最初にきちんとした計画を立てるのが大切だという意味で使われます。ぜひ“今年の目標”をFacebookで家族や友人に宣言して、その目標を大切にしながら1年をお過ごしくださいね。

また、今日はFacebookを通じて家族や友人に“明けましておめでとう！”とメッセージを送られる方も多いのではないでしょうか？FacebookカメラのARエフェクト機能を使えば個性的な自撮り写真を撮ってMessengerでシェアすることができるほか、24時間限定の動画コンテンツ「ストーリー」を作成してメッセージをシェアすることも可能です。Facebookの様々な機能を使って新年のコミュニケーションを楽しんでくださいね。",,photo,https://www.facebook.com/FacebookJapan/photos/a.397151394023.176267.365989369023/10155572643014024/?type=3,2018-01-01 12:00:00,4858,55,119,,4541,246,62,7,0,2,0
365989369023_10155564821229024,"【今年もありがとうございました！代表・長谷川 晋より年末のご挨拶】
今年も、皆さまのコミュニケーションの様々なシーンでFacebookをご活用いただき、誠にありがとうございました。
 
Facebookは2017年、創業以来はじめてとなるミッションの変更をいたしました。「コミュニティづくりを応援し、人と人がより身近になる世界を実現する」という新しいミッションは、人と人とを繋ぐだけではなく、人と人のつながりから生まれる様々なコミュニティの活性化を通じて、世の中をより良く、より楽しくできるのではないかという考えが込められています。
 
このミッションをもとに、Facebookでは2017年にライブチャット機能、360度コンテンツ機能、災害支援ハブなどの機能拡充をすすめ、たくさんのコミュニティから多くの有意義なつながりが生まれました。例えば、日々起こる出来事や瞬間について語り合ったり、同じスポーツチームを応援するファンが集まったりするコミュニティでのつながりだけでなく、災害などが発生した際に支え合ったりオンラインだけでなく現実世界でのコミュニティに発展するつながりも生まれました 

また今年は、様々な社会課題に対してもテクノロジーで貢献できればという思いから、災害に対する備えの強化や、働き方改革への貢献、女性の活躍を応援する取り組みに注力して参りました。
 
例えば、11月に発表した「災害支援ハブ」では、自然災害などが起こった際に利用者をサポートする機能が集約されており、安否確認ができる「セーフティチェック」や物資や避難場所、移動手段などを探したり提供できる機能「コミュニティヘルプ」も追加されました。この「災害支援ハブ」は九州の豪雨災害や台風21号上陸の際に多くの利用者にご活用いただきました。
 
私たちは今後も、利用者の皆さまの日常的なコミュニケーションの充実やコミュニティの活性化を支援することを通じて、社会に貢献できればと考えております。今後のFacebookにぜひご期待ください。
 
皆さま、どうぞ素敵な新年をお迎えください。
2018年も、Facebookをどうぞよろしくお願い申し上げます！
 
フェイスブックジャパン 代表取締役 長谷川 晋",Photos from フェイスブック's post,photo,https://www.facebook.com/FacebookJapan/photos/a.397151394023.176267.365989369023/10155564820659024/?type=3,2017-12-31 19:00:00,2197,40,26,,2067,104,18,3,1,4,0
365989369023_10155564451584024,"【メリークリスマス！】
今日はクリスマス・イブ。家族や友人と楽しいパーティーを予定している方にも、お仕事やお勉強を頑張っている方にも、すべての人にたくさんの幸せが訪れますように！

クリスマスといえば、クリスマスツリーですよね。全国各地で様々な趣向を凝らした色鮮やかなツリーが飾られています。先日は、立教大学池袋キャンパス（東京都豊島区）にある巨大なヒマラヤ杉のクリスマスツリーを観に行ってきました。

このヒマラヤ杉は、1920年（大正9年）ごろに植えられ、樹齢が約100年。高さ約25メートルの大きな木が2本並んで立っており、合計1100個の色電球が飾られています。その歴史は古く、戦後間もない1949年（昭和24年）ごろに“ヒマラヤ杉にイルミネーションを施せば心あたたまるクリスマスが過ごせるのではないか”という思いから始まったと言われているのだそうです。LEDが主流となりつつある中、昔ながらの電球が生み出す柔らかい光を観ていると、心がほっこりしますね。

ちなみに、立教大学では学生の皆さんが主体となり、キャンドルを持って聖歌を歌いながら池袋の街を練り歩くキャロリングが行われたり、クリスマスコンサートやバザーが開催されたり、一般の方も合唱に参加できるヘンデルのオラトリオ「メサイヤ」の演奏会が行われたりなど、地域の方々と一緒にクリスマスを盛り上げているのだそうです。

https://www.facebook.com/RikkyoUniversity/

今年はクリスマス・イブが週末ということもあり、ホームパーティをされたり、街にお出かけされる方も多いのではないかと思います。皆さんも素敵なツリーやイルミネーションの写真が撮れたら、ぜひFacebookでシェアしてくださいね。また、FacebookやMessengerのマスクやフィルタ機能を活用すれば、サンタさん風の自撮り写真が撮れたりして、よりクリスマスを楽しめるのではないでしょうか。

Facebookから心を込めて、皆さまに幸せが訪れますように。
メリークリスマス！",,photo,https://www.facebook.com/FacebookJapan/photos/a.397151394023.176267.365989369023/10155564450624024/?type=3,2017-12-24 19:00:00,2865,24,98,,2648,186,29,1,0,1,0
365989369023_10155562381104024,"【地域を盛り上げるコミュニティストーリー：日本酒応援団】

今年も年の瀬を迎えました。寒い日が続きますが、この時期は忘年会などの集まりやご自宅でお酒を飲む機会も多いのではないでしょうか。特に年末年始のこの時期は、お祝いのお酒として日本酒を飲む機会も増えます。こたつに入りながら飲む日本酒は最高ですよね！ということで、今年最後のコミュニティストーリーは、この日本酒に魅せられた皆さんの紹介です。

コミュニティの名前は、その名も「日本酒応援団」。活動が始まったのは、今から3年前。日本酒への愛情を持った仲間たちが集まり、高齢を理由に本格的な酒造りをやめてしまった島根県の小さな酒蔵をボランティアで手伝い始めたことがはじまりなのだそうです。そして、杜氏の指導を受けながら必死の思いで酒造りに打ち込んだ結果、素晴らしい日本酒が完成。「この素晴らしい日本酒を世界に広げていきたい」という思いから、当時勤めていた仕事を辞めてボランティア活動を会社化したのだそうです。

現在では、9人のメンバーが全国6蔵の酒蔵とパートナーシップを結び、春の田植え、秋の稲刈り、そして冬の酒造りに取り組んでいるほか、試飲や酒造り体験のイベントを開催するなどして国内外に日本酒の素晴らしさを広めているのだそうです。また、日本酒応援団のFacebookページでは日頃の活動を発信しているほか、日本酒のファンを世界中に増やすためのアイデアを自由に語り合う「みんなで日本酒未来会議 by 日本酒応援団」という新たなFacebookページを立ち上げ、日本酒が好きな方々の交流の場を提供しています。

「目標は、全国の酒蔵さんたちとパートナーとなり、少量ながらもそこでしか造れない日本酒を一緒に造り、美味しい日本酒とその良さを世界中へ届けること。日本酒を世界一飲まれるお酒にして、家族経営の酒蔵さんとその地元地域の活性化に貢献したいですね」（代表の古原忠直さん）。

https://www.facebook.com/NihonshuOendan/
https://www.facebook.com/groups/NihonshuOendanGroup/

私たちFacebookは、人と人がより身近になる世界を実現することを目指して、地域のコミュニティづくりを応援しています。来年も、様々なコミュニティの活動から生まれるストーリーをこのFacebookページでご紹介してまいります。",Photos from フェイスブック's post,photo,https://www.facebook.com/FacebookJapan/photos/a.397151394023.176267.365989369023/10155562380849024/?type=3,2017-12-22 12:00:00,960,11,32,,910,46,4,0,0,0,0
365989369023_10155559695974024,"【人生100年時代をイキイキと楽しむために】
Facebookはこのたび、幅広い世代の皆様が安心してFacebookを楽しんでいただける環境を実現するため、シニアの皆さまのコミュニティを応援するプロジェクト「#100年ずっ友プロジェクト ～人生100年時代のSNSいきいき活動～」をスタートいたしました。世界に先駆けて日本で最初に始まる本プロジェクトのはじまりを記念して、12月14日には都内にてプロジェクト開始記念イベントを開催いたしました。

「#100年ずっ友プロジェクト」では、シニアの皆さまが身近にいる友人・知人はもちろん、遠隔地にいる家族や友人、そして趣味や興味関心が同じ仲間と繋がることで、毎日をより楽しくイキイキと刺激的に暮らしてほしいという考えのもと、安全・安心にFacebookを楽しんでいただくための支援や、より楽しくFacebookを活用するポイントを啓発する活動を、国内18のNGO団体にご協力頂きながら推進していきます。

また、プロジェクトの一環として、初心者の方でも安全・安心にFacebookを楽しんでいただけるよう、「大人のためのFacebookガイドブック」という冊子を制作。Facebookの基本的な使い方やプライバシーを保護するための方法、SNSで安全にコミュニケーションを楽しむための注意点などをまとめており、今後のイベントなどを通じて提供してまいります。

一方イベントでは、日本初のシニア向けゲームアプリを開発するなど“最高齢のアプリ開発者”としてグローバルに活躍されている特定非営利活動法人ブロードバンドスクール協会 理事の若宮正子さん、東京大学 先端科学技術研究センター 身体情報学分野の講師である檜山 敦さん、内閣府 高齢社会対策 参事官補佐の田中智也さんをゲストにお招きして、パネルディスカッションを実施いたしました。

パネルディスカッションでは、“人生100年時代”と言われる長寿社会のライフスタイルと、その中でFacebookをはじめとするインターネットサービスが果たす役割をテーマにトークを展開。

檜山さんは、現在のシニアの皆さんについて「従来からあるイメージとは異なり、まだまだこれからも元気に社会の中で輝きたいというエネルギッシュな方が増えている。これからの時代はシニアが若い人よりも社会を支える原動力になるのではないかという期待さえ感じている」とコメント。

また日常的にFacebookを通じて情報発信をされている若宮さんは、「80歳を過ぎたら毎日が“冒険・探検”だと思っています。海外に行くことも、お医者さんに行くことも、私にとっては冒険です。ただ冒険を通じて得られたことをただ墓場まで持っていくのはもったいない。Facebookにどんどん冒険の模様を投稿して、多くの人たちに知ってもらえるよう心がけています。海外の方や若い方から思いもかけないようなコメントをいただくと、もっと世代間の交流を深めていかなければならないと感じます」と語り、同世代だけでなく世代間のコミュニケーションで多くの刺激をもらっている様子を紹介しました。

会場に集まったシニアの方々の中には日常的にスマートフォンやパソコンを使いこなしている方も多く、ノートパソコンで熱心にメモを取っている方も多数見受けられました。プログラム終了後も会場ではあちこちで交流の輪が生まれ、若い人たちにも負けない高い熱量をもってイベントに参加している様子が印象的でした。

Facebookは今後もコミュニティの活性化を支援することを通じて、あらゆる世代の人々が今まで以上にイキイキと楽しめる環境の実現を応援していきたいと思います。今後の展開にどうぞご期待ください！",,video,https://www.facebook.com/FacebookJapan/videos/10155559695389024/,2017-12-20 19:00:00,342,4,17,,308,27,7,0,0,0,0
365989369023_10155555057954024,"【Facebook 2017年のトレンドを振り返る】
12月13日、今年のFacebookの動向を振り返る報道機関向け説明会が開催され、フェイスブックジャパン代表取締役の長谷川晋が今年のFacebookの利用動向について国内外のトレンドを紹介しました。今年、Facebookではどのようなことが起きたのでしょうか。
 
今年、グローバルにおけるFacebookの月間利用者は20億、Instagramの月間アカウントは８億、Messengerの月間利用者は13億になり、多くの方のコミュニケーションやコミュニティの活性化にご利用いただきました。その利用動向について は3つのトレンド「世界中で起こる重要な出来事、瞬間について語り合う」「有事の際に集い、支え合う」「オンラインだけでなく、オフラインでもつながり合う」が見受けられました。
 
例えば、今年3月の「国際女性デー」の際には、世界200カ国以上で1億6500万もの人がFacebook上で様々なアクションを起こされ、また米国最大のスポーツイベント「スーパーボウル」が開催された際にはFacebook上での動画視聴回数が2億6200万回以上に達し、ユーザーがFacebook上で企画したイベントも18万件以上にのぼりました。また、こうしたユーザーのアクションはFacebook上にとどまらず、皆既日食の日には80カ国以上で2万以上のイベントがFacebookで企画されて約300万人が参加表明を行うなど、リアルなイベントを盛り上げるためにFacebookが活用されました。
 
また日本でも、2020年に開催される東京オリンピックまで1000日という節目を迎えた際や、東京都の都議選など大きな出来事があった際には「東京」という言葉がFacebookでも大きな話題になったほか、「Perfume」をはじめとする人気アーティストのFacebook上での情報発信や、「ファイナルファンタジーXV」といった人気ゲームの発売などをきっかけにしたファンコミュニティの大きな盛り上がりも印象的でした。
 
一方、残念ながら自然災害や事件など悲しい出来事に直面したことも忘れてはなりません。今年は、メキシコの大地震、米国ラスベガスの銃乱射事件、米国に上陸したハリケーン「ハーヴィー」、日本でも熊本県を中心に大きな被害をもたらした集中豪雨や、台風21号の上陸など、様々な災害、事件で人々が支え合い、助け合うためにFacebookが活用されました。Facebookは、従来の災害支援機能を強化した「災害支援ハブ」をリリースしてこうした有事発生の際に提供したほか、世界防災フォーラムへの参加といった活動を行っており、今後も災害支援、減災支援のために積極的に行動していきます。
 
2017年のFacebookにとってもうひとつ大きなトピックスだったのが、創業以来初となるコーポレートミッションの変更です。今年、Facebookは「コミュニティづくりを応援し、人と人がより身近になる世界を実現する」という新しいミッションを掲げ、日本でも今年1周年を迎えた起業を目指す女性を支援するプロジェクト「#起業女子」をはじめ、コミュニティの支援を積極的に行ってきました。
 
会場には、このFacebookページでも以前コミュニティストーリーを紹介させていただいた「キモノでジャック」を運営する皆さんが素敵な着物姿でゲストとして登場し、活動内容やFacebookを活用するコツを語っていただきました。「キモノでジャック」の皆さんは、着物姿で街に集まって盛り上がろうというイベントを全国各地で開催しており、Facebookページはイベントの告知や写真の共有、そしてビデオチャット機能を活用した海外のイベントとの連携などに活用しているのだそうです。「着物が好きな人にとっての“居場所”になる場所を作らないといけないという使命感をもって運営しています」という言葉が印象的でした。
 
今回開催された説明会ではそのほか、FacebookカメラのARエフェクト機能についてのデモンストレーションや、ゴーグル型VR端末「Oculus Rift」を使ってVR空間での友人とのコミュニケーションが楽しめる「Facebook Spaces」の体験など、ご来場いただいた方々にお楽しみいただきました。
 
Facebookは来年も、「コミュニティづくりを応援し、人と人がより身近になる世界を実現する」というミッションのもと、テクノロジーを活用して利用者同士のコミュニケーションやコミュニティの活性化、そして災害支援や社会課題の解決に向けて貢献して参ります。これからのFacebookに、ぜひご期待ください。",,video,https://www.facebook.com/FacebookJapan/videos/10155555057399024/,2017-12-18 19:00:00,337,6,10,,319,14,1,3,0,0,0
365989369023_10155546249514024,"【Facebookカメラに松本人志、降臨！】

定額制動画配信サービスの「Amazonプライム・ビデオ（https://www.facebook.com/AmazonVideoJP） で配信中のダウンタウンの松本人志さんが主演するAmazonオリジナル番組「HITOSHI MATSUMOTO Presentsドキュメンタル（https://www.facebook.com/DocumentalJP/）」の最新シーズン4の配信を記念して、Facebookカメラで楽しめるARエフェクトをリリースしました。
密室の中に集められた芸人たちが“笑ったら負け”という過酷なサバイバルに挑むという＃ドキュメンタルの番組内でおなじみのコンセプトに合わせて、このARエフェクトでは、カメラの前で笑ってしまうと松本人志が登場し、額にイエローカード、オレンジカード、レッドカードが出現するという演出を実現。ちなみに、Facebookカメラでは動画撮影ができるため、友人と二人で自撮りしながら＃ドキュメンタルのような“笑わせあい”を楽しんで、その模様を動画でシェアしても楽しいのではないでしょうか？
FacebookカメラのARエフェクトは、スマートフォンまたはタブレット向けのFacebookアプリとMessengerアプリから利用することができます。カメラを立ち上げてエフェクトを選択いただく、もしくはこちらのURLからエフェクトを起動いただくことも可能です。
http://www.facebook.com/fbcameraeffects/tryit/192139098009514/ 
ぜひお楽しみください！",Photos from フェイスブック's post,photo,https://www.facebook.com/FacebookJapan/photos/a.397151394023.176267.365989369023/10155546248409024/?type=3,2017-12-16 12:00:00,427,2,9,,398,16,3,8,0,2,0
365989369023_10155545973414024,"【🇪🇺🎄EUクリスマス・キャロル：🇨🇿】

クリスマスイブまであと9日になり、寒さも本格化してまいりましたね。そんな中、クリスマス気分を盛り上げ、心温まる歌声をお届けしているページのご紹介です。
 
駐日EU代表部のページ (https://www.facebook.com/euinjapan/) では今月5日からヨーロッパのさまざまな言語で歌われるクリスマス・ソングを毎日紹介しています。EU加盟国から、これまででチェコ、ベルギー、ギリシャ、フィンランド、マルタ、ポーランド、スウェーデン、イギリス、そしてデンマーク、クロアチアの楽曲が紹介されました。12月24日まで、さらにオーストリア、ハンガリー、アイルランド、ラトビア、リトアニア、スロヴァキア、ブルガリア、ドイツ、フランスの楽曲が紹介されますので、是非聞いてみてくださいね！

https://l.facebook.com/l.php?u=https%3A%2F%2Fwww.youtube.com%2Fwatch%3Fv%3DolD9T6tapFI&h=ATP8P75qoOEBlZPx129FjfCuzX6fI44YUGyhpfOcpgjCnghLz2LR_dwUkd0VCamv0YLcy6TB1l9zeJkRflzLfLJp-fq--ECZjx-m1IAwmdRheJFMPychhA&s=1&enc=AZPZLL3vp70flPOdGUD1bnvxH-W1ywLrgC-VOZMt0_QIMycK2tVjYIK9AObcboj3WvXFqX93VXY6MGKRNvz8qe_drNyOOtGkxgrQk3LFbu2T6Q","Đani, Jelena, Sandra, Ervin, Oliver, Nikola - Narodi nam se",video,https://www.youtube.com/watch?v=olD9T6tapFI,2017-12-15 10:02:12,353,11,13,,318,33,1,0,1,0,0
365989369023_10155535870639024,"【年末年始といえば、この時代劇】
年末年始によく観る時代劇といえば、「赤穂浪士」と呼ばれることになる大石内蔵助が率いる旧浅野家の家臣47人が吉良上野介を討ち取るという江戸時代に起きた事件を元にした物語「忠臣蔵」ですよね。12月14日は、まさに赤穂浪士が吉良上野介の邸宅に討ち入りを行った日で、赤穂浪士にゆかりのある街ではお祭りやイベントが開催されます。

ちなみに、この「忠臣蔵」という名前、歴史上の出来事を指したものではないというのはご存知でしたか？この名前は、のちにこの事件を題材に制作された歌舞伎作品『仮名手本忠臣蔵』が由来となっており、歴史上はこの事件のことを「赤穂事件」と呼んでいます。また、吉良家に討ち入った旧浅野家の家臣たちのことを一般的に「赤穂浪士」と呼んでいますが、地域によっては彼らへの敬意から「赤穂義士」と呼ぶこともあるのだそうです。

赤穂浪士の地元である兵庫県赤穂市では、赤穂事件のあった12月14日に合わせて「赤穂義士祭」というお祭りが開催されます。今年で114回目を迎える歴史のあるお祭りで、当時の赤穂浪士たちの姿を再現したパレードや地元の物産展などが開催されるのだそうです。また、赤穂浪士が葬られていることで知られる東京・品川の泉岳寺でも、同じく12月14日に「義士祭」というお祭りが開催されます。

テレビドラマで観る歴史上の出来事が起きた地元では、このような歴史のストーリーにちなんだお祭りやイベントが数多く開催されています。歴史や時代劇がお好きな方は、足を運んでみてはいかがでしょうか？興味深いストーリーやお祭りの模様を収めた写真は、ぜひFacebookで友人・知人とシェアしてくださいね。",,photo,https://www.facebook.com/FacebookJapan/photos/a.397151394023.176267.365989369023/10155535870099024/?type=3,2017-12-11 12:00:00,1280,36,83,,1205,63,3,3,0,6,0
365989369023_10155528146829024,"【今日は世界人権デー】

今日12月10日は、国連が定める「世界人権の日」です。世界における自由、正義及び平和の基礎である基本的人権を確保するために、全ての国とその国民が達成すべき共通の基準として1948年に国連が「世界人権宣言」を採択したことにちなみます。

ところで、そもそも「人権が侵害されるとき」とは、どのようなときでしょうか。考えてみるとその定義は、あまりにも幅広いことに気付かされます。

人種や宗教、価値観の違いによる差別や争い、紛争による難民問題など世界的な社会課題はもちろん、身近なところでは、障がいや難病と向き合っている方やLGBTの方といった社会的マイノリティを巡る課題、女性の社会進出を巡る課題、男女の違いや価値観の違いからコミュニケーションの中で生まれるちょっとした偏見も、広い意味で人権と関係していると言えるのかもしれません。

この世界人権の日をきっかけに、身近なところで差別や偏見が生まれていないか、考えてみてはいかがでしょうか。Facebookは、世界中の誰に対してもオープンに開かれたソーシャルプラットフォームです。多様性を大切にして、人種や思想、性別や立場に関係なく全ての人が安全で快適にコミュニケーションを楽しめるよう、これからも製品を進化させてまいります。",,photo,https://www.facebook.com/FacebookJapan/photos/a.397151394023.176267.365989369023/10155528146289024/?type=3,2017-12-10 12:00:00,972,17,75,,898,67,6,1,0,0,0
365989369023_10155519863574024,"【家事・育児と両立する仕事術を公開】
 
12月3日、都内で「WOMAN EXPO TOKYO 2017 Winter」が開催され、フェイスブックジャパンから広報統括の下村祐貴子が『外資系“女性ボス”がこっそり教える 上手にチームをまとめて実績を出すマル秘ワザ』と題したセッションに登壇しました。
 
このイベントでは、自分らしく社会で活躍したいと願うワーキングウーマンが、スキルアップやワークライフバランス、そして美容や健康などについて学ぶ講演やワークショップを数多く展開。下村は、パソコンメーカー「DELL」でコンシューマー＆ビジネスマーケティング統括本部の部長を務める横塚知子さんと共に、チームをまとめる管理職という立場でどのように家事や育児と両立したライフスタイルを実現しているかについて語り合いました。
 
セッションでは、日経DUAL編集長の羽生祥子さんの進行のもと“チームを取りまとめるリーダーとして日常的に心掛けていることは？”、“旦那様との家事・育児の役割分担は？”、“グローバル企業で活躍するためのコツは？”といったテーマでトークを展開。“家事・育児と両立するための仕事の効率化のための工夫は？”というテーマでは、下村は家事で忙しいときのビジネスメール対応術を紹介しました。
 
一般的に、メールはパソコンのキーボードやスマートフォンのフリック入力を使って作成するものですが、下村は家事で忙しい時間帯はスマートフォンの音声入力でメールを作成しているといいます。FacebookやMessenger, スマートフォンの音声認識能力は非常に高く、メールに書きたい内容を話すだけで、ほとんどの内容をテキストに起こしてくれるのだそうです。皆さんもぜひ試してみてはいかがでしょうか？ちなみに、Messengerでは音声を入力してボイスメッセージとして送信することも可能です。
 
また、“リーダーになるためのスキルアップのポイントは？”という質問に対しては、横塚さんは「将来なりたい自分の姿に強い信念を持つこと。そして理解のある上司や同僚を大切にしてちょっとした周囲からのフィードバックも仕事の改善に活かすことが大切」とコメント。また下村は「（上司である）外国人ならではの考え方や強みの違いなど多くのことを学び、実践してみることが重要だと思う 」と語り、多様性の大切さを参加者に伝えました。
 
当日は日曜日ということもあり、会場には同じく育児をしながら働く多くの女性が参加し、小さいお子様や旦那様と一緒の方もいらっしゃいました。二人の話に熱心に耳を傾け、様々なアドバイスにメモを取っている方も多く見られました。Facebookでは、今後もこうしたイベントなどを通じて、社会で活躍する女性を応援して参ります。",,video,https://www.facebook.com/FacebookJapan/videos/10155519863574024/,2017-12-05 19:00:00,317,6,10,,300,9,7,0,1,0,0
365989369023_10155508624469024,"【世界防災フォーラム 　これからの防災を考える】
フェイスブック ジャパンは先月27日、仙台で開催された世界防災フォーラムに参加しました。東日本大震災に関する教訓や知見を世界へ発信する場として、国内外から多くの人が集い、さまざまなセッションやイベントを通じて活発に意見を交わしました。

フェイスブック ジャパンのセッションでは、「『ソーシャルプラットフォーム』の活用で進化する『防災』」をテーマに、災害時や災害後の復興段階で使用できる「災害支援ハブ」の活用方法を紹介しました。今回、一般社団法人防災ガールさん、岩手日報社さんをゲストにお招きし、それぞれの防災や、災害時の情報発信についてプレゼンテーションを頂くと共に三者によるパネルディスカッションも行いました。
防災ガールさんには「新しい防災」をテーマに、まだまだ非日常の感覚でしかない防災をいかに日常の中に取り入れていくのか、そのためにどのようなコミュニケーションや情報発信をされているかという観点からお話を伺いました。岩手日報社さんからは、現在実用化に向けてテスト運用を進められているフェイスブックページ「命の伝言板」について紹介をいただき、今後の災害時における地方紙の役割、また、フェイスブックを始めとしたSNSとの連携やその可能性についてお話いただきました。

私たちフェイスブックは、「災害支援ハブ」の機能によって、一人でも多くの人々が有事の際に友人や家族とつながり、互いに支え合い、そしてその後の復興を推し進める安全なコミュニティづくりに貢献したいと考えています。
今回のイベントを機に、今後もさまざまな取り組みを続けていく気持ちを新たにしました。会場に足を運んでくださった皆様、どうもありがとうございました！",,video,https://www.facebook.com/FacebookJapan/videos/10155508624469024/,2017-12-04 12:00:00,345,43,19,,321,17,6,1,0,0,0
365989369023_10155513820434024,,外資系“女性ボス”がこっそり教える  上手にチームをまとめて実績を出すマル秘ワザ   横塚知子 さん  下村祐貴子 さん,video,https://www.facebook.com/FacebookJapan/videos/10155513820434024/,2017-12-03 11:30:27,231,13,16,,207,19,3,1,0,1,0
365989369023_10155513618234024,,2018年のわたしを輝かせる“装いのチカラ”   みなみ佳菜 さん,video,https://www.facebook.com/FacebookJapan/videos/10155513618234024/,2017-12-03 10:25:12,169,11,15,,153,9,2,1,0,4,0
365989369023_10155511491214024,,野田大臣に聞く、女性がリーダーシップをとる社会   野田聖子 さん,video,https://www.facebook.com/FacebookJapan/videos/10155511491214024/,2017-12-02 16:25:10,191,0,6,,171,14,4,1,0,1,0
365989369023_10155511361104024,,美容編集者のコスメ放談  2017ビューティ事件簿「大ヒットコスメの秘密、教えます」   麻生 綾 × 米川瑞穂,video,https://www.facebook.com/FacebookJapan/videos/10155511361104024/,2017-12-02 15:20:17,155,1,6,,140,11,3,0,1,0,0
365989369023_10155511295879024,,JRA Presents  東幹久さんスペシャルトークセッション 「大人の女性の新たな休日の過ごし方――」,video,https://www.facebook.com/FacebookJapan/videos/10155506415089024/,2017-12-02 14:20:08,188,9,10,,165,16,5,1,0,1,0
365989369023_10155511292184024,,POLA Presents 「私らしいキャリアを築くために  ～これからの生き方・働き方～」,video,https://www.facebook.com/FacebookJapan/videos/10155506418089024/,2017-12-02 14:18:12,212,3,7,,186,18,5,1,1,1,0
365989369023_10155510903959024,,嶋田ちあきさんスペシャルメイクアップレッスン  手間も技術も必要なし！　私たちの「美しい肌」 は簡単でなくっちゃ   嶋田ち...,video,https://www.facebook.com/FacebookJapan/videos/10155510903959024/,2017-12-02 11:00:17,199,3,9,,178,15,3,1,0,2,0
365989369023_10155510722809024,,夢と目標を実現できた要因に迫る～  澤穂希さんが実践してきた健康のための自己管理   澤 穂希 さん,video,https://www.facebook.com/FacebookJapan/videos/10155510722809024/,2017-12-02 09:55:08,246,9,14,,209,24,9,4,0,0,0
365989369023_10155509234774024,"「WOMAN EXPO TOKYO 2017 Winter」ライブ配信のお知らせ

 明日より2日に渡り、WOMAN EXPO TOKYO 2017 Winterのセッションを、ここフェイスブックジャパン公式ページ、WOMAN EXPO公式ページ、https://www.facebook.com/womanexpo/、YouTube WOMAN EXPO 公式チャンネルhttps://www.youtube.com/channel/UCBvcBv3l3xCShWHzFkN0hDw　でライブ配信します。

「WOMAN EXPO TOKYO 2017 Winter」http://www.woman-expo.com/tokyo-winter/　は、ハッピーも手に入れる！自分らしく輝く、すべてのワーキングウーマンのために、のテーマのもと、多くの働く女性にとって、キャリアアップ、スキルアップのためのヒントが得られ、美しさ、健やかさに役立つ情報や製品に触れられる機会となります。

 今回は初めて、このフェイスブックジャパン公式ページでも配信いたします。どうぞお楽しみに！

配信予定セッション：
２日(土)

10:00~10:40  澤穂希様×榎戸教子様
11:05~11:45 嶋田ちあき様×麻生綾編集長
14:20~15:00 東幹久様×榎戸教子様
14:20~15:10 POLA 及川様×麓幸子様
15:25~16:05 麻生綾様×米川瑞穂様
16:30~17:10 野田聖子様
16:40~17:20 AYA様

 3日（日）

10:30~11:10 みなみ佳菜様
11:35~12:35 日経DUALフォーラム 日経DUAL 編集長羽生祥子様、Dell 横塚知子様、Facebook広報下村
14:10~14:50花王 高橋真麻",WOMAN EXPO,link,https://www.facebook.com/womanexpo/?sk=%E3%80%81YouTube&app_data,2017-12-01 20:43:47,128,1,0,,121,7,0,0,0,0,0
365989369023_10155506422074024,"WOMAN EXPO TOKYO 2017 会場より生中継
出演：AYAさん（クロスフィットトレーナー）",,status,,2017-12-01 17:40:00,179,1,3,,171,6,2,0,0,0,0
365989369023_10155506420234024,WOMAN EXPO TOKYO 会場から生中継,,status,,2017-12-01 17:00:00,117,0,3,,114,3,0,0,0,0,0
365989369023_10155508457704024,"【起業を目指す女性のためのブートキャンプ開催のお知らせ】
Facebookでは「女性の成功はみんなを幸せにする」という考えのもと、女性の起業家や、起業を目指す女性を応援する取り組みをグローバルで行っています。日本では「＃起業女子」プログラムとして、パートナーであるGirls in Tech Japanと株式会社コラボラボの協力のもと、全国各地でのセミナーを実施しています。取り組みの一貫として、Girls in Tech Japanと共同で、本日から日曜日までの3日間、フェイスブック ジャパンオフィスでブートキャンプが開催されます。
 
このブートキャンプでは、起業に興味があっても、アクションを起こせていないという女性たちをサポートすることを目的に、さまざまなテーマで起業について学びます。例えば、ビジョンの描き方、アイディエーションの方法といった起業の根幹となるレクチャーだけではなく、資金調達の方法や、ビジネスにおけるFacebookの活用方法について、ワークショップ形式で学びます。また、ブートキャンプを通じて、共に参加し、共に起業を目指す女性たちの間で新しいつながりが生まれ、今後の起業活動における相互支援につながる場になればと願っております。
 
プログラムの目玉として、起業家として活躍されている女性たちをお招きし基調講演を頂きます。初日となる今日は、シンクタンク・ソフィアバンク 代表 藤沢 久美様、明日は株式会社Zaim 代表取締役 閑歳 孝子様、最終日には株式会社iSGSインベストメントワークス 取締役 佐藤 真希子様にお越しいただき、女性たちへ向けてお話をいただきます。
 
今回のようなブートキャンプや、全国各地で実施しているセミナーのほか、ホームページでは無料で学べるe-ラーニングもご用意しています。ご興味のある方は、是非ご覧ください！これからもFacebookでは、女性の活躍のために取り組みを続けていきます。

GIT facebook page: https://www.facebook.com/Girls-in-Tech-Japan-837669356355666/
GIT Japan homepage: http://japan.girlsintech.org/
＃起業女子: https://shemeansbusiness.fb.com/ja/",Girls in Tech - Japan,link,https://www.facebook.com/Girls-in-Tech-Japan-837669356355666/,2017-12-01 11:50:00,212,4,0,,197,12,3,0,0,0,0
365989369023_10155505751484024,,東京ドイツ村ウィンターイルミネーション,photo,https://www.facebook.com/FacebookJapan/photos/a.10155505750564024.1073741849.365989369023/10155505751484024/?type=3,2017-11-30 12:00:21,2516,27,147,,2257,144,112,2,0,1,0
365989369023_10155505522159024,"【イルミネーションの季節が到来！】
11月も今日で終わり、明日から12月になり冬の話題が増えてきますね。特に11月の後半からは各地でウィンターイルミネーションが始まり、クリスマスや年の瀬に向けて冬のイベントもどんどん開催されています。日に日に寒くなってきていますが、色とりどりの灯りが生み出す美しいイルミネーションを観ると心が暖かくなりますね。

先日は、東京ドイツ村（千葉県袖ケ浦市）のウィンターイルミネーションを観に行ってきました。「関東三大イルミネーション」に認定されているというこちらの施設では、300万球という色とりどりの灯りが広い園内の建物や広場など様々な場所を彩り、そのスケールの大きさは圧巻！また、音楽に合わせて変化するイルミネーションやイルミネーションの中を走ることができる自動運転カート、全長70メートルの光のトンネル、観覧車や展望台から楽しめるイルミネーションの3Dアートなど楽しい工夫もたくさんありました。360度フォトとフォトアルバムで、美しい冬の風景をぜひお楽しみください。
https://www.facebook.com/Tokyo.doitsumura/

ウィンターイルミネーションは全国各地の公園、テーマパーク、ストリートなどで開催されます。お出かけされた際には、ぜひパノラマ撮影や360度写真の撮影が楽しめるFacebookカメラで素敵な写真を撮影して、タイムラインでシェアしてくださいね！",,photo,https://www.facebook.com/FacebookJapan/photos/a.397151394023.176267.365989369023/10155505521594024/?type=3,2017-11-30 12:00:00,2161,28,157,,1921,140,93,4,1,2,0
365989369023_10155490329789024,"【世界防災フォーラム／防災ダボス会議に参加します】
昨日から仙台では世界防災フォーラムが開催されています。国内外から産・官・学・民の防災関係者が集まり、東日本大震災に関する教訓や知見を世界発信する場として、4日間に渡ってさまざまなセッションやイベントが開催されます。

Facebookは「コミュニティづくりを応援し、人と人とが身近になる世界を実現する」をミッションに掲げ、さまざまなコミュニティづくりを応援する製品・機能づくりを進めています。日々のコミュニケーションツールとしてだけではなく、自然災害発生時においてもソーシャルメディアの活用と重要性は近年高まっています。私たちが提供する「災害支援ハブ」を、人々を危害から守り、危機的状況から救出し、その後の復興に向けて協力するコミュニティづくりに活用してほしいと考えています。日本でも、昨年の熊本地震や、今年7月の九州北部豪雨、10月の台風第21号発生時には「災害支援ハブ」が起動していますが、皆様にとって安全なコミュニティづくりを進めるために、私たちにはまだまだすべきことがあると考えています。 

今回の世界防災フォーラムでは、「『ソーシャルプラットフォーム』の活用で進化する『防災』」をテーマに、明日、11月27日（月）17:15より桜１（Room4）にてお話をさせていただきます。Facebookの「災害支援ハブ」の活用方法をはじめ、一般社団法人防災ガールさん、岩手日報社さんをお招きし、ソーシャルプラットフォームの有効活用事例を始めとして防災対策・災害時支援についてご紹介し、三者によるパネルディスカッションも開催予定です。 

参加されるという方、お時間がゆるすようでしたら是非Facebookのセッションへも足を運んでみてくださいね。
http://www.worldbosaiforum.com/",WORLD BOSAI FORUM,link,http://www.worldbosaiforum.com/,2017-11-26 12:00:00,420,6,34,,395,20,4,1,0,0,0
365989369023_10155490342864024,"【「多様性の推進」を考えるイベントを開催しました】
 
フェイスブック ジャパンは11月22日、女性の働き方など「多様性の推進」を考えるイベント「Facebookが考えるDiversity #techpoweredbywomen workshop」を開催しました。イベントには、社内外からおよそ40人が集まり、多様性を推進する上での課題や女性が活躍するために大切なことについて、話し合われました。
 
イベントは2部制で、第1部では、フェイスブック ジャパンの長谷川晋代表取締役が、多様性を推進する社内外の取り組みを紹介しました。
 
社内の取り組みとして、男女6名で作る「多様性を推進するチーム」の活動を紹介したほか、気づかない先入観に気づきを与え多様性を尊重し、社外にも情報提供している「Managing bias トレーニング 」（https://managingbias.fb.com/）の紹介、授乳スペースを設けるなどの「職場環境の整備」について話しました。一方、社外向けの取り組みとして、女性の起業を支援するプログラム「#起業女子」の活動内容や ビジネス用Facebookの「Workplace (ワークプレイス)」を紹介し、多様な働き方を実現したいと語りました。
 
長谷川代表取締役は、こうした社内外の取り組みを紹介した上で、日本における多様性の推進について、「まだ1％しか終わっていないという感覚」として、「やれることは、まだまだたくさんある。今後もどんどん推進していきたい」と決意を込めました。
 
また、第2部のパネルディスカッションでは、82歳のプログラマー若宮正子さん、専業主婦を経て東大教授になった森村久美子さん、そして育児・教育ジャーナリストのおおた としまさ氏を迎え、女性の働き方について議論が交わされました。
 
若宮さんは、多様性の推進の足かせになっているものの一つとして、「高齢者」の存在を指摘。「（高齢者は）女のくせにとか、若造のくせにとか、自ら枠を作っているところがあるので、そういう人たちを（自分を含めた）年寄り同士で啓蒙していかなければいけないと思っている」と話しました。
 
森村さんは、働き方を改善するにはテクノロジーが重要だとして、会社の外からでも仕事ができる「ワークフロムホーム」に言及。「家にいながら学生と話をしたり、レポートのやり取りをできたりしているのは、テクノロジーのおかげと思っている」と話しました。
 
一方、おおた氏は、ダイバーシティを推進するには、「男女がイーブン（平等）であることが重要」だと訴えました。「日本の家事労働時間はだいたい6時間くらい。ということは、3時間ずつ分担できれば、イーブンになる。いきなりピタッと平等にするのは難しいので、不平等な状況を平等にしていくことが重要」と話しました。また、育児休暇についても触れ、「男女がイーブンで取ること、それがダイバーシティを進める上で、非常に重要だと思う」と述べました。
 
Facebookは、多様性を推進して、様々な考えを取り入れることは、「コミュニティづくりを応援し、人と人がより身近になる世界を実現する」というミッションを達成する上で、必要不可欠だと考えています。これからも、性別・国籍・宗教・年齢を問わず、ひとりひとり違う個性の人々が、お互いに尊重し合う「Diversity & Inclusion」を大切に考え、全ての人にとって、より働きやすい環境を作ることを目指していきます。",,video,https://www.facebook.com/FacebookJapan/videos/10155490342864024/,2017-11-25 12:00:01,304,6,14,,290,9,5,0,0,0,0
365989369023_10155490325749024,"【地域を盛り上げるコミュニティストーリー：明治大学ヒューマンライブラリー】
私たちFacebookは、人と人がより身近になる世界を実現することを目指して、地域のコミュニティづくりを応援しています。今回ご紹介するコミュニティストーリーは、明治大学国際日本学部の学生が中心となって活動している「明治大学ヒューマンライブラリー」の皆さんです。
 
この「ヒューマンライブラリー」という活動は、身体障がい者やLGBTをはじめとする社会的マイノリティに対する偏見を減らし、相互理解を深めることを目的として世界中で行われている試みで、「様々な価値観を持った人を“本”に見立てて、読者（世の中の人）に貸し出す図書館」という意味が込められています。
 
日本でも様々な大学や団体で活動が行われており、明治大学はその草分け的な存在。同学部学部長の横田雅弘教授が2008年に開始して以来毎年イベントを開催しており、今年も11月26日に明治大学中野キャンパスでイベントの開催を予定しているのだそうです。
 
現在、明治大学で活動されているのは、主に横田教授のゼミに所属している3年生の皆さん。役割を分担して、イベント全体の企画・運営、クラウドファンディングなどを通したイベント開催資金の調達、チラシやポスター、SNSを活用した広報活動などを実施。また過去には、大学の文化祭で“五感を研ぎ澄ませる感覚を体験しながら、視覚がなくなった時に人はどのように感じるのか”というコンセプトで考案された「暗闇カフェ」などを行ったそうです。
 
Facebookでは現在、イベントの当日に「本」として参加してくださる方々のストーリーが紹介されています。「活動を通じて、活き活きと明るく活躍して世の中に発信したいというマイノリティの方々の後押しをしたいですね。Facebookでは、イベントのことはもちろん、“本”として参加していただく方々の活動などをヒューマンライブラリの枠組みを超えて紹介して行きたいと思います」（高野光圭さん）。
 
https://www.facebook.com/HL.Meiji/",,photo,https://www.facebook.com/FacebookJapan/photos/a.397151394023.176267.365989369023/10155490325529024/?type=3,2017-11-24 19:00:01,486,4,25,,456,25,3,2,0,0,0
365989369023_10155487828389024,,「ブルガリ アウローラ アワード」授賞式直前のゴールデンカーペットの様子を六本木ヒルズから配信中！,video,https://www.facebook.com/FacebookJapan/videos/10155487828389024/,2017-11-23 17:53:58,1025,246,40,,736,163,34,30,17,45,0
365989369023_10155484592424024,"【あなたの夫婦の決まりごとは？】
今日、11月22日は“いい夫婦の日”。普段パートナーに伝えられない気持ちを伝え、気持ちをカタチとして贈ろうという記念日で、歴史は古く1988年に提唱されたものです。
 
普段、日常生活を共にしていると、なかなかパートナーの存在の大きさを実感しにくいという方もいらっしゃるかもしれません。もしパートナーとFacebookで繋がっていたら、Messengerの機能「Messenger Day」で日々の感謝や愛情を贈ってみるのはいかがでしょうか？24時間で投稿内容が消えるMessenger Dayならば、ちょっと恥ずかしいと思う愛にあふれたメッセージも、1日限りの思い出にすることができます。写真のデコレーションなど様々なエフェクト機能も用意していますので、ぜひお試しくださいね。
 
ところで、何年も一緒に日常を送っていると、パートナーとの間に“夫婦だけのルール”がいくつかできてきますよね。皆さんにはこうしたルール、ありますか？例えば、帰宅時に最寄り駅についたときには必ず“着いたよメッセージ”を送ったり、遅く帰った日の翌日には“埋め合わせ”のスイーツを買って帰ってあげたりといったルールなど。皆さんにも、面白い夫婦のルールやエピソードがあったら、ぜひ“いい夫婦の日”にFacebookでシェアしてみてくださいね。",,photo,https://www.facebook.com/FacebookJapan/photos/a.397151394023.176267.365989369023/10155484592149024/?type=3,2017-11-22 12:00:01,686,13,41,,645,38,0,1,2,0,0
365989369023_10155476374509024,"11/23(木)の18:00「ブルガリ アウローラ アワード」授賞式直前のゴールデンカーペットの様子を六本木ヒルズから配信！
 
「ブルガリ アウローラ アワード」は、今各界でもっとも活躍し、その功績や活動を通して多くの女性にインスピレーションを与える女性たちに贈られるアワードで、文化、芸術、政治、経済、スポーツなど様々なジャンルから10名の推薦者とともにブルガリが10名の受賞者を選出します。今年2年目になるこの取り組みは、彼女たちの生き方、内面からあふれる輝き、創造性豊かな取り組みにスポットを当てます。

https://www.vogue.co.jp/feature/bvlgari/170308/
 
華やかな最新ブルガリジュエリーをまとった受賞者と推薦者に、ゴールデンカーペット上で受賞にまつわるインタビューをいたします。ここ、Facebook Japan 公式ページで 11/23(木)18:00頃の配信予定です。どうぞご期待ください！",知性を創造性と美しさに輝く女性たちを祝福,link,https://www.vogue.co.jp/feature/bvlgari/170308/,2017-11-19 08:49:47,352,20,9,,330,17,5,0,0,0,0
365989369023_10155470624629024,"【お祭りで感じる、冬の足音】
11月も後半に入り、世の中の話題は秋から冬へと少しづつ移ろってきました。ウインターイルミネーションや冬ならではのお祭りやイベントも各所で始まり、週末にお出かけされる方も多いのではないでしょうか。

東京都内でも、11月18日に浅草の鷲神社において冬の風物詩「酉の市」が開催されます。酉の市は翌年の開運、授福、殖産、除災、商売繁盛をお祈りするお祭で、「かっこめ」と呼ばれる大きな熊手のお守りがお馴染みです。このお守りは開運や商売繁盛のご利益があると言われていることから、お店を営んでいる方や会社の従業員の方も多く買い求めています。商売繁盛を祈願する三三七拍子があちらこちらで聞こえると、年の瀬を感じることができますよ。

ちなみに、浅草鷲神社の「酉の市」は11月に3回開催され、18日は「二の酉」と呼ばれていて11月30日には「三の酉」というお祭りが開催される予定です。

また、この「酉の市」のような開運や商売繁盛を祈るお祭りは全国各地で開催されています。きらびやかに装飾された豪華な熊手のお守りが並ぶ様子は圧巻です。あなたの地元で“冬の風物詩”といえるイベントやお祭りに出かけられた際には、ぜひFacebookでシェアしてくださいね。

https://www.facebook.com/asakusa.torinoichi/",Photos from フェイスブック's post,photo,https://www.facebook.com/FacebookJapan/photos/a.397151394023.176267.365989369023/10155470620204024/?type=3,2017-11-18 19:00:01,1983,19,59,,1876,81,23,2,0,1,0
365989369023_10155465616689024,"【ボジョレー解禁間近！あなたの楽しみ方は？】
11月16日午前0時、今年のボジョレーヌーヴォーが解禁になります。ワインがお好きな方の中には、解禁時刻に合わせて楽しまれるという方もいらっしゃるのではないでしょうか。今から楽しみですね！

ワインに詳しくない方の中には、この「ボジョレーヌーヴォー」がワインの銘柄だと思っている方もいらっしゃるのではないかと思いますが、実はボジョレーヌーヴォーはフランスのブルゴーニュ地方にある「ボジョレー」という地域で作られた新酒（ヌーヴォー）のこと。つまり、この年に収穫されたぶどうから作った最初のワインという意味で、ワイナリーによって様々な銘柄が存在します。ワインは一般的に長い時間を掛けて発酵・熟成させて美味しさを生み出しますが、ボジョレーヌーヴォーは秋の収穫から短期間で製品化するワインのため軽くて薄い味わいなのが特徴なのだとか。その年の収穫を祝う“祝い酒”の意味合いが強いのだそうです。

今ではスーパーやコンビニなどでも手軽に買えるようになったボジョレーヌーヴォー。ぜひ“実りの秋”を祝ってみてはいかがでしょうか？あなたならではのボジョレーの楽しみ方や味の感想は、ぜひFacebookでシェアしてくださいね。",,photo,https://www.facebook.com/FacebookJapan/photos/a.397151394023.176267.365989369023/10155465616349024/?type=3,2017-11-15 19:00:01,512,8,12,,473,33,6,0,0,0,0
365989369023_10155446274694024,"【紅葉前線、今年は異常あり？】
11月に入って、街の景色もぐっと秋らしくなってきました。東京都内のイチョウやモミジといった木々も、どんどん紅葉が進んでいます。

先日の3連休は全国的に行楽日和で、少し遠出して紅葉狩りに行かれた方も多いのではないでしょうか？ただ今年は、10月に日本を縦断した2つの台風の影響が大きく、人気の紅葉スポットの中には、いつもより早く落葉が進んでしまっている場所も少なくないようです。残念ですが、こんな気まぐれも自然の面白さなんですね。写真は、3連休に栃木県の日光市内で遭遇したモミジの木。真っ赤に染まった葉がちょうど目線の高さにあったので、180度のパノラマ写真を撮影してみました。

皆さんのお気に入り紅葉スポットは、いかがでしたか？紅葉狩りの感想や素敵な写真はぜひFacebookでシェアしてくださいね！",,photo,https://www.facebook.com/FacebookJapan/photos/a.397151394023.176267.365989369023/10155446274204024/?type=3,2017-11-09 19:00:01,1758,21,91,,1616,98,40,3,1,0,0
365989369023_10155441077329024,"【GIFや画像を使用した新しいアンケート機能が利用可能に！ 】
アンケート機能は人々が友人・知人やページのファンからの意見を集め、オンライン上での会話を始める上でとても効果的です。そこで、さらに気軽に、そして楽しくアンケート機能を利用してもらうために、個人の投稿やFacebookページからの投稿でGIFや画像を使用した新しいアンケート機能が利用可能になりました！

「今なにしてる？」から、「アンケートを作成」に進むと、質問と選択肢を入力するタブが現れます。テキストだけでなく、お好みの画像を一緒にアップロードしたり、回答期限を設けたりすることができます。さらに、数あるGIFの中からアニメーションを追加することもできるようになりました。通常の投稿と同じように公開する範囲を設定したり、後から編集することももちろん可能です。
早速Facebookでも使ってみました！皆様も是非、使ってみてくださいね。

==================================
この３連休、あなたは紅葉を見に行きましたか？",,status,,2017-11-06 19:00:00,304,12,9,,281,11,9,1,1,1,0
365989369023_10155440794874024,,フェイスブック's cover photo,photo,https://www.facebook.com/FacebookJapan/photos/a.10150545208914024.383997.365989369023/10155440784979024/?type=3,2017-11-06 12:00:04,1320,33,20,,1208,91,18,2,0,1,0
365989369023_10155437938869024,"【今日は津波防災の日】
2011年の東日本大震災を受け、津波対策についての理解や関心を深める日として定められた津波防災の日。Facebookでも、先月の台風21号の際に立ち上がった「災害支援ハブ」をはじめ、災害支援に貢献する取り組みを続けています。
災害はいつか起こるもの。今日は、災害に備え、未来を見据えたコミュニティづくりを進める、一般社団法人防災ガールによる津波防災プロジェクト「#beORANGE」を紹介したいと思います。
本プロジェクトは、津波防災の新しい合図として、オレンジフラッグを日本の沿岸部に普及するため、日本財団と共催で始動しました。海に出ていると、津波警報が聞こえない、という課題解決や、安全な場所の可視化を促進させるための啓発活動を行っています。先月20日には、様々な企業や自治体、NPOなどが集まる「#beORANGE SUMMIT 2017」が開催され、1年間の活動報告や、オレンジフラッグを広めるためのアイデアについて議論が交わされました。同サミットへはFacebookも参加させていただいたのですが、様々なバックグラウンドの人が集まっており、豊かなアイデアや、新しいつながりがたくさん生まれていました。Facebookでは今後も機能やコミュニティを活用していただくことで、災害支援に貢献する取り組みを続けていきたいと考えています。

Facebookページから、当日の様子を動画や写真でご覧頂けます。是非ご覧ください！
https://www.facebook.com/hashbeorange/",津波防災の合図「オレンジフラッグ」普及プロジェクト #beorange,link,https://www.facebook.com/hashbeorange/,2017-11-05 12:00:00,402,7,0,,379,21,2,0,0,0,0
365989369023_10155424033229024,,Happy Halloween!,photo,https://www.facebook.com/FacebookJapan/photos/a.10155424033199024.1073741848.365989369023/10155424033229024/?type=3,2017-10-31 12:00:09,779,8,19,,721,36,18,4,0,0,0
365989369023_10155424042739024,"【Facebookもハロウィン仕様に！Happy Halloween! 】
今日10月31日はハロウィンです。仮装して家族や友人同士でホームパーティを楽しんだり、各地で開催されるハロウィンにまつわるイベントに参加される方もいるのではないでしょうか。皆さんのハロウィンの楽しみ方、ぜひFacebookでシェアしてくださいね。

ところで、皆さんの中にはハロウィンがキリスト教のお祭りだと思っている方もいるかもしれませんが、実は違うってご存知でしたか？ハロウィンは、古代ケルト人（中央アジアからヨーロッパに暮らした人たち）が秋の収穫を祝い悪霊などを追い出すことを目的に行っていたお祭りが起源とされています（諸説あり）。

ハロウィンのときには、子どもたちがお化けの仮装をして「トリック・オア・トリート（お菓子をくれないと悪戯しちゃうぞぉ！）」と近所の家庭をめぐるのが海外などでの定番行事ですよね。これはかつて、ケルト人によって10月31日に死者の精霊や魔女が家にやってくると信じられていたことにちなんだもの。“霊や魔女を追っ払いたかったらお菓子をちょうだい！”という子どものいたずらなんですね。今では、このハロウィン＝仮装というイメージが日本でもすっかり定着して、大人も子供も関係なく多くの人がハロウィンに仮装を楽んでいますね。私たちFacebook Japanのオフィスでも、ハロウィンの装飾をしてみました。

またFacebook では、仮装気分が味わえるカメラエフェクトの数々を用意しています。FacebookカメラやMessenger カメラ、ライブ配信でも使用することができます。挙げているものはほんの一部ですので、皆様も是非お試しください！素敵な写真が撮影できたら、ぜひFacebookでシェアしてくださいね！",Photos from フェイスブック's post,photo,https://www.facebook.com/FacebookJapan/photos/a.397151394023.176267.365989369023/10155424041189024/?type=3,2017-10-31 12:00:06,352,4,5,,331,13,6,2,0,0,0
365989369023_10155413545029024,"【フォトアルバムで観る東京モーターショー】
10月28日から、東京ビッグサイトにて「第45回東京モーターショー2017」が一般公開されます。25日、26日にはメディア関係者向けプレビューが行われたため、ニュースなどでご覧になった方も多いのではないでしょうか？

私たちも、国内外の自動車メーカーが展示した最新モデルや未来を感じさせるような先進的なコンセプトカーを会場で観てきました！展示の一部を撮影してフォトアルバムにまとめてみましたので、クルマがお好きな方はぜひご覧ください。もちろん、気に入った写真があればご自分のタイムラインでお気軽にシェアしてくださいね！

今週末には会場にお出かけを予定されている方も多いのではないでしょうか？素敵なクルマの写真を撮影したら、ぜひFacebookでシェアしてくださいね。

※写真に掲載の各展示の詳細は、自動車メーカーのウェブサイトや東京モーターショーの公式Facebookページをご確認ください。
https://www.facebook.com/tokyomotorshowjpn/",東京モーターショー,link,https://www.facebook.com/tokyomotorshowjpn/,2017-10-27 12:00:34,286,1,0,,273,13,0,0,0,0,0
365989369023_10155413526359024,,第45回東京モーターショー2017,photo,https://www.facebook.com/FacebookJapan/photos/a.10155413526184024.1073741847.365989369023/10155413526359024/?type=3,2017-10-27 12:00:01,1723,10,50,,1633,66,21,3,0,0,0
365989369023_10155390202534024,"【コスモスが見頃です！】
10月もそろそろ終盤、朝晩の空気もひんやりしてきましたね。さて、秋の花といえば真っ先に浮かぶのはコスモスですよね。9月の後半から10月の後半まで、各地で楽しむことができます。

このコスモス、品種や種まきの時季によって見頃になるタイミングが大きく異なります。そして、その品種も白やピンクだけでなく、黄色やオレンジなど色とりどりですよね。そのため、いざお目当ての色のコスモスを観に行ったら終わってしまっていた・・・なんてことも少なくないのではないでしょうか。

そんな失敗を避けるために活用したいのが、大きなコスモス畑を展開している公園などが公開している「花だより」。品種ごとの開化状況や見頃になる時期の予報をFacebookやブログなどで随時公開しているので、ちょうど見頃のときに遊びにいけますよ。

写真は、上毛野はにわの里公園（群馬県高崎市）にある「井出二子山古墳」を取り囲むように咲いている広大なコスモス畑。この古墳は約1500年前に建てられたお墓で、コスモスは古墳の堀を埋め尽くすように咲いていました。皆さんも、素敵な写真はぜひFacebookでシェアしてくださいね！",,photo,https://www.facebook.com/FacebookJapan/photos/a.397151394023.176267.365989369023/10155390201069024/?type=3,2017-10-24 12:00:00,2163,32,86,,2017,120,23,2,1,0,0
365989369023_10155403437774024,"【台風第21号の災害支援ハブが利用可能に】
台風第21号の影響を受けて、災害時・災害後に利用できる「災害支援ハブ」がFacebook上で利用できるようになりました。
災害支援ハブでは、自分の無事を報告したり、影響を受けた地域にいる友達へ安否確認のリクエストを送ることができます。ページ内に「自分の無事を報告」というボタンが現れ、タップすることで、Facebook上の友達に安否が報告されます。
また必要な食料や避難場所、移動手段などを探したり、提供したりすることができます。「支援・サポートを見つける」「支援・サポートを提供」からカテゴリを選び、利用者の間で直接メッセージを送って連絡を取り合うことができます。現在も多くの方にご利用頂いておりますが、台風通過後も利用することができます。
この度の台風21号により、被害を受けた皆様に心よりお見舞い申し上げますとともに、これから台風が通過される地域の皆様の安全をお祈りいたします。

https://www.facebook.com/crisisresponse/hamamatsu-shi-shizuoka-japan-typhoon-oct23-2017/",,status,,2017-10-23 15:30:00,527,3,0,,492,21,12,0,1,1,0
365989369023_10155403149089024,"[政策チェック機能　導入延期のお知らせ]
本日から導入する予定でした「政策チェック機能」ですが、第48回衆議院議員選挙の全結果がわかり次第、導入させていただきます。
台風の影響により、開票作業が終わっていない地域がありその地域の開票結果を待っている状況です。
この度の台風21号により、被害を受けた皆様に心よりお見舞い申し上げますとともに、このあと暴風域に入る地域の皆様の安全をお祈りいたします。",,status,,2017-10-23 12:00:00,478,4,9,,455,20,2,1,0,0,0
365989369023_10155395695404024,"データは公開されている投稿（ページ、個人のアカウント、グループ）から算出したものです。
詳細は下記URLをご覧ください。
https://ja.newsroom.fb.com/news/2017/10/election_2017_2/
http\://ja.newsroom.fb.com/news/2017/10/election_2017/",2017 衆議院選挙情報,photo,https://www.facebook.com/FacebookJapan/photos/a.10155385169384024.1073741841.365989369023/10155395695404024/?type=3,2017-10-20 17:33:35,347,10,19,,314,16,15,0,0,2,0
365989369023_10155385169414024,"データは公開されている投稿（ページ、個人のアカウント、グループ）から算出したものです。
詳細は下記URLをご覧ください。
https://ja.newsroom.fb.com/news/2017/10/election_2017_2/
http\://ja.newsroom.fb.com/news/2017/10/election_2017/",2017 衆議院選挙情報,photo,https://www.facebook.com/FacebookJapan/photos/a.10155385169384024.1073741841.365989369023/10155385169414024/?type=3,2017-10-16 19:00:33,347,10,19,,314,16,15,0,0,2,0
365989369023_10155374296829024,"【今週末は「SPORTS of HEART2017 in 東京」へ訪れてみませんか？】
以前よりご紹介している一般社団法人スポーツオブハート主催「スポーツ・オブ・ハート2017 in 東京」がいよいよ今週末に開催されます。
代々木公園イベント広場を中心に、アーティストと障がい者モデルのコラボよるファッションショーをはじめ、ノーマライズ駅伝、アスリートたちによる障がい者スポーツ体験教室、音楽ライブやトークショーなど多数のイベントが二日間に渡って開催されます。

14日のお昼に行われるスポーツ・オブ・ハートのシンボル的プログラム、ノーマライズ駅伝へは、世界で活躍する車いすアスリートや小学生ランナー、盲人ランナーの皆様のほか、芸能人、アイドルのみなさんが参加します。総勢96人が7区間12チームに分かれて一般道を駆け抜け、心をひとつに襷をつなぎます。
ステージプログラムや出演者の詳細は、HPよりご覧ください。
http://s-heart.org/tokyo/stage

「スポーツ・オブ・ハート公式Facebookぺ―ジ」では、今週末15日（日）まで寄付を受け付けています。
1いいね！を1円と換算し、期間中に集まった「いいね！」が寄付され、今後の障がい者スポーツ発展のために役立てられます。引き続き、皆様からの「いいね！」をお待ちしております。
https://www.facebook.com/sportsofheart2017/

＃スポーツオブハート",東京会場 | ステージ – Sports of Heart 2017,link,http://s-heart.org/tokyo/stage,2017-10-13 12:00:00,231,0,0,,225,6,0,0,0,0,0
365989369023_10155374513054024,"【#起業女子 プログラムが1周年を迎えました】
女性起業家の支援を目的に2016年9月から展開している「#起業女子(#SheMeansBusiness)」プログラムが、1周年を迎えたことを記念して、アニバーサリーイベントが都内で開催されました。
 
「#起業女子」は、ワークショップやセミナー、オンラインでの情報提供を通じて、女性起業家がビジネスを構築し、成長させるために必要な知識や人脈、スキル、FacebookやInstagramを活用したデジタルマーケティングのノウハウを身に付けることができるプログラム。Facebookはコラボラボが運営する「 女性社長.net （joseishacho.net） 」とGirls in tech Japanと共同でこのプログラムを推進し、全国各地でイベントなどを開催。1年間で国内22都市、約1000人の女性起業家や起業を目指す女性にご参加いただきました。また、グローバルでは17の国と地域で42,000人以上の女性起業家がワークショップやセミナーに参加しています。
 
イベントでは、トークセッションやパネルディスカッションが行われ、起業に関心がある女性を中心としたおよそ110名の方にご参加いただきました。
 
『女性の挑戦が社会を動かす』と題したセッションでは60歳からパソコンとプログラミングを学び、Appleのティム・クックCEOが“世界最高齢のプログラマー”と賞賛した若宮正子さんと、中学2年のときに教育関連事業のビジネスで起業してDIAMONDハーバード・ビジネス・レビューが選ぶ“未来を作るU-40経営者20人”にも選ばれた仁禮彩香さんが、新しいチャレンジをすることになった経緯や苦労話、将来に向けた目標などを披露。また、ウナギトラベルの代表を務める東 園絵さんをはじめ様々な分野で活躍する起業家の皆さんをお招きしたパネルディスカッションでは、ビジネスにおけるFacebookやInstagramの活用術やビジネスを推進する上での苦労や解決策などについて語らいました。
 
女性の起業による新たなビジネスの創出は雇用や経済にとって非常に大きな影響をもたらすと言われている一方で、起業や経営に関するスキルやノウハウ、事業を軌道に乗せるためのデジタルマーケティングの知識などについては、不安を抱えている女性が多いのが現状です。私たちFacebookでは、「女性の成功はみんなを幸せにする」というスローガンのもと、これからも女性起業家が自信を持って夢に向かってチャレンジできるよう、様々なサポートを行って参ります。
https://shemeansbusiness.fb.com/ja/
 
若宮さん、仁禮さんお二人のトークセッションを動画でご覧いただけます。是非、お楽しみください！",#起業女子1周年アニバーサリーイベント(トークセッション部分）,video,https://www.facebook.com/FacebookJapan/videos/10155374513054024/,2017-10-12 19:00:00,327,3,29,,302,14,10,1,0,0,0
365989369023_10155368313344024,"【地域を盛り上げるコミュニティストーリー：つながろう なみえ】
私たちFacebookは、人と人がより身近になる世界を実現することを目指して、地域のコミュニティづくりを応援しています。今回ご紹介するコミュニティストーリーは、福島県双葉郡浪江町役場が運営している「つながろう なみえ」です。
 
今から6年前、2011年3月に発生した東日本大震災と原子力発電所の事故。浪江町の皆さんは避難指示によって町を離れることを余儀なくされ、一部地域で帰宅が可能になった現在でも、多くの人々が全国各地に散らばって生活をしている状態が続いています。この「つながろう なみえ」のFacebookページは、浪江町の皆さんが故郷を離れても繋がることができる場として開設され“浪江町のいま”を発信。現在では、浪江町の復興を応援している人々に向けて復興の様子や町のトピックス、イベント情報を伝えるツールとして大切な役割を果たしているそうです。
 
ちなみに、浪江町役場に隣接する形で2016年に開設された仮設商店街まち・なみ・まるしぇでは毎月第2土曜・日曜にイベントを行っているほか、７月から９月の最終水曜日の夜には、プレミアムナイトと称してお酒を楽しめるイベントを開催しました。先月にはサッカー日本代表の試合を巨大スクリーンで応援するパブリックビューイングを行い盛り上がったそうですよ。
 
今度の10月14日、15日にはまち・なみ・まるしぇの開設1周年を記念したなみえの秋祭り・浪江音楽祭が開催されます。震災前、浪江町では様々なミュージシャンが集まり街中に音楽があふれるイベント、ストリートミュージックフェスタが開催されていたそうで、今度の浪江音楽祭は浪江町として7年ぶりの音楽イベントになるのだそうです。当日はゴダイゴのタケカワユキヒデさんをはじめ多くのミュージシャンがステージを行う予定とのこと。今から楽しみですね！
 
「浪江町のリアルな情報が伝えられるよう、Facebookページでは動画での配信にも力を入れていきたいですね。活動を通じて、離れて暮らしている町民が町に戻るきっかけにしてもらったり、これまで浪江町に来たことがない方々が“面白そう！行ってみたい！”と思ってもらえるような情報の企画・発信に取り組んでいきたいと思います」（浪江町役場情報統計係）

https://www.facebook.com/pg/tsunagaro.namie/",,video,https://www.facebook.com/FacebookJapan/videos/10155368313344024/,2017-10-10 12:00:00,495,7,14,,464,24,6,0,1,0,0
365989369023_10155357913994024,"【みんなが知ってるラジオ体操、実は3代目】
今日10月9日は、体育の日ですね。ハッピーマンデーのため月曜日が休日ですが、その由来は1964年の10月10日に東京オリンピックの開会式が開催されたことに由来しています。この体育の日にちなんで、全国各地ではスポーツをテーマにしたイベントが数多く開催されます。
 
ところで、誰でも気軽にできる運動の代表格といえば「ラジオ体操」。皆さんも一度はやったことがあるのではないでしょうか。このラジオ体操、歴史の長さは体育の日よりもずっと長く、日本ではなんと1928年（昭和3年）から放送が開始されています。このときに制作された“初代ラジオ体操”は1928年から1946年まで放送され、私たちにお馴染みのラジオ体操は1951年に放送が開始された“3代目”にあたるのだそうです。
 
ちなみに、ラジオ体操といえば「第1」と「第2」を知っている人も多いと思いますが、かつては「第3」もあったのだとか。また「第1」は“老若男女誰でも出来る体操”、「第2」は“身体を鍛えるための運動”という異なる狙いがあるのだそうです。確かに、ラジオ体操第2をやったあとは少し息が上がりますね。
 
普段お仕事などで身体を動かす機会が少ない方も、今日は外へ出てスポーツで身体を動かしてみてはいかがでしょうか？もちろん、準備運動はお忘れなく！素敵な思い出が出来たら、ぜひFacebookでシェアしてくださいね。",,photo,https://www.facebook.com/FacebookJapan/photos/a.397151394023.176267.365989369023/10155357913604024/?type=3,2017-10-09 12:00:00,431,5,17,,402,21,7,0,1,0,0
365989369023_10155357915214024,"【東洋経済オンラインでの連載がついに最終回！】
5日間に渡って掲載された長谷川晋による寄稿記事が本日最終回を迎えました。5回の連載を通して、Facebookが今後どこへ向かっていくのか、日本社会でどのように貢献していくのか、というテーマでお話をさせていただきました。道はまだ始まったばかり。新ミッション 「コミュニティづくりを応援し、人と人をより身近にすること」のもと、Facebookはこれからも人と人とをつなげる場所であり続けます。今後とも、Facebookをどうぞよろしくお願いたします。

連載記事はこちらからお読みいただけます。読みそびれてしまったという方、もう一度読みたいという方、ぜひご覧ください！
http://toyokeizai.net/category/facebookjapan",Facebook最前線 | 東洋経済オンライン,link,http://toyokeizai.net/category/facebookjapan,2017-10-06 19:00:34,249,6,5,,241,7,1,0,0,0,0
365989369023_10155354837924024,"【10月も秋のお祭り盛りだくさん！】
10月9日が体育の日のため、今週末は3連休を取られる方も多いのではないでしょうか。残暑もすっかり落ち着き過ごしやすい天気になってきたため、お出かけを計画される方も多いと思います。今月も全国各地で秋のお祭りやイベントが数多く開催されますので、楽しみですね！

このFacebookページでも全国各地の“季節の風物詩”を取り上げていますが、今回は10月8日に岐阜県中津川市で開催される「花馬祭り」をご紹介します。このお祭り、なんと800年以上の歴史があり、岐阜県の重要無形民俗文化財に指定されているのだとか。平安時代の末期、源 義仲（みなもとのよしなか）という当時の源氏武将の戦勝を地元（今の中津川市坂下地区）の村民が総出で祝ったことに由来しているのだそうです。現在では、農民の五穀豊穣を願う祭りとして地元の人たちに長く愛されています。

お祭りの主役は、鞍にたくさんの花串をつけた「花馬」。これはかつて武将の戦勝を祝う際に神社へのお供えをつけた馬が練り歩いたことに由来しているそうで、現在では7種類の農作物を表した色鮮やかな和紙を使った花串を地元の人達が手作りで制作し、地元で飼育している木曽馬につけているのだそうです。この「花馬」を引いて地元にある坂下神社を目指して街中を練り歩く「花馬行列」は全長90メートルにもなり、中ではお神輿を担いだり、お囃子や踊りも行われるそうです。

ちなみに、この「花馬」につけられた花串は、坂下神社に着いたあとは祭りに参加した人たちで奪い合うのが伝統なのだとか。この境内で行われる勇壮な“花奪り”がお祭りのクライマックスなのだそうです。

お出かけされる方は、ぜひお祭りの迫力をFacebookで友人・知人とシェアしてくださいね！

https://www.facebook.com/yasakakankokyokai/",,photo,https://www.facebook.com/FacebookJapan/photos/a.397151394023.176267.365989369023/10155354837589024/?type=3,2017-10-06 12:00:00,718,8,10,,675,33,8,2,0,0,0
365989369023_10155352273259024,"【中秋の名月、なぜお団子を用意するの？】
今日10月4日は中秋の名月、いわゆる十五夜です。この十五夜という呼び名は、中秋の名月が旧暦の8月15日を指していたことに由来します。天候に恵まれれば、今晩はお月見を楽しんでみてはいかがでしょうか？

ところで、お月見といえばお団子をお供えするイメージがありますが、この由来についてご存知ですか？日本の様々な習慣には古くから残る農業の文化が影響することがとても多いですが、お月見もかつては豊作祈願や収穫への感謝などの意味合いをもって行われてきたのだそうです（諸説あり）。その中で、お団子は収穫への感謝をお月さまに伝える象徴的な存在として、まんまるなお団子をお供えするようになりました。私たちが美味しく食べるお月見団子、本当はお月さまに捧げるものだったのですね！

ちなみに、地域によってはこの時期に里芋が収穫できることから、お団子の代わりに里芋をお供えしたり、里芋料理を食べたりする習慣があるのだそうです。また十五夜は“芋名月”という別名を持っています。もし地域ならではの十五夜の習慣がある方は、ぜひFacebookでシェアしてくださいね。",,photo,https://www.facebook.com/FacebookJapan/photos/a.397151394023.176267.365989369023/10155352270324024/?type=3,2017-10-04 19:00:02,4425,49,233,,4155,228,40,2,0,0,0
365989369023_10155352276299024,,フェイスブック's cover photo,photo,https://www.facebook.com/FacebookJapan/photos/a.10150545208914024.383997.365989369023/10155352274674024/?type=3,2017-10-04 14:30:55,4519,66,121,,4204,286,26,3,0,0,0
365989369023_10155346820574024,"【東洋経済オンラインにて今週5日間連続掲載！】
本日より東洋経済オンラインでフェイスブック ジャパン 代表取締役 長谷川晋による寄稿記事が掲載されます。
Facebookの新しいミッションの意味、未来のコミュニケーションがどう変わっていくか、モバイル時代のマーケティングとは、オープンでイノベーティブな組織を作るには、そしてFacebookが日本の社会にどう貢献していけるか、といったテーマについて5日間の連載方式でお話しします。みなさまぜひご覧ください！",東洋経済オンライン,link,http://toyokeizai.net/articles/-/190513,2017-10-02 12:00:08,290,1,0,,277,9,3,0,1,0,0
365989369023_10155338786374024,"【世界へ羽ばたく“SAKE”の文化】
今日から10月。秋はぐっと深くなり、冬へ向けて草木の色や街の景色は少しづつ移ろっていきます。ところで秋と言えば「収穫の秋」ですが、今日10月1日は日本酒造中央会が定める「日本酒の日」だというのをご存じでしょうか？

秋の新米収穫に合わせて、歴史ある全国の酒蔵では10月から酒を造り始めるところが多く、古くから10月1日を「酒造りの元旦」として祝う風習があったことなどに由来しているのだそうです。

昨今、日本酒は私たち日本人だけでなく、海外へと輸出されて世界中の人に愛されています。農林水産省がまとめたデータによると、日本酒の輸出量は年々増加傾向にあり、2015年には1万8千キロリットルの日本酒が米国、香港、韓国などを中心に海外に輸出されているそうです。

日本酒好きにはお馴染みの清酒「久保田」の蔵元として知られている朝日酒造（新潟県長岡市：https://www.facebook.com/asahishuzo/）に話を伺ったところ、こうした輸出増加の背景には世界的な日本料理への関心の高まりがあるとのこと。海外の方はフルーティーな香りや透き通るようなキレの良さを持つ日本酒を好む傾向があるそうで「日本酒の繊細な味わいが海外の方にもしっかりと伝わっています。日本の食文化にももっと関心が高まっていけばいいですね」と話しています。

ちなみに日本酒造りは数百年という伝統がありますが、近代的な大きな酒蔵で酒造りをする現代になっても、伝統的な酒造りの工程や杜氏（とうじ）さんの手間をかけたモノづくりは、昔から変わらず守られているのだそうです。10月といえばもうすぐ中秋の名月ですが、秋の夜長を日本酒と共に楽しんでみてはいかがでしょうか。",,photo,https://www.facebook.com/FacebookJapan/photos/a.397151394023.176267.365989369023/10155338786184024/?type=3,2017-10-01 19:00:01,1097,11,41,,1027,67,2,1,0,0,0
365989369023_10155330554709024,"【地域を盛り上げる、コミュニティストーリーのご紹介：前橋○○部】
私たちFacebookは、人と人がより身近になる世界を実現することを目指して、地域のコミュニティづくりを応援しています。今回ご紹介するコミュニティストーリーは、群馬県の前橋市を中心に活動しているプロジェクト「前橋○○部」です。

このプロジェクトは“街で○○したい！”という気持ちを「部活動」という形式で実現しよう！というコンセプトで、2012年に発足。それ以来、カメラが好きな人たちで前橋の街を素敵な写真に収める「前橋カメラ部」、前橋近郊の様々な場所でピクニックを楽しむ「前橋ピクニック部」、餃子が好きな人が集まって前橋の美味しい餃子屋さん情報を共有する「前橋ギョウザ部」など様々な部活が立ち上がり、それぞれ独自の活動を繰り広げています。ちなみに、新しい部活の立ち上げに申請は不要で、Facebook上で立ち上げを宣言をすれば自由に部活設立が可能なのだとか。

前橋○○部のリーダーを務める竹内躍人さんによると、プロジェクトの本部となる前橋○○部では各部活動の活動や紹介をFacebookページを通じて行ったり、新しい部活の立ち上げをサポートするイベント「前橋部活つくる部」を開催するなど、プロジェクトの盛り上げ役として楽しんでいるそうです。今ではこの「○○部」が前橋だけでなく全国60ヶ所にまで拡大しているほか、今年6月には活動内容をまとめた書籍『本気で遊ぶ まちの部活』も刊行されたそうで、竹内さんも「○○部のコンセプトがもっと広がっていけば」と語っています。

この秋には、福島と前橋を繋ぐ活動をしている「まえばし×ふくしま部」が主催して300人前の福島風芋煮を振る舞ったり部活の活動報告や物産展を展開するイベント「前橋芋煮会」を開催するほか、年末には前橋○○部のプロジェクトに参加する全ての部活が年に1度集まって行われる「前橋忘年部」を予定しているそうです。

「年末に向けて大きなイベントを控えているほか、これからも新しい部活がどんどん立ち上がっていきますので、たくさんの市民の皆さんにご参加いただきながら、Facebookを通じて楽しい情報発信を続けていければと思っています！」（竹内さん）

https://www.facebook.com/maebashiooclub",Photos from フェイスブック's post,photo,https://www.facebook.com/FacebookJapan/photos/a.397151394023.176267.365989369023/10155330553794024/?type=3,2017-09-27 12:00:02,286,2,8,,272,9,5,0,0,0,0
365989369023_10155319206294024,"【秋分の日を科学する】
今日9月23日は、秋分の日。昼と夜の長さがちょうど同じになる日と言われており、これから冬に向けて昼の時間は少しづつ短くなっていきます。

ところで、この日中の時間はなぜ季節によって長かったり短かったりするのでしょうか。これには地球と太陽の位置関係が大きく影響しています。ちょっとだけ理科の授業をしてみましょう。

地球は24時間で1回転する「自転」と、1年で太陽の周りを1周する「公転」を繰り返しています。この2種類の回転をしながら地球は一定間隔で太陽の方向を向く＝太陽の陽を浴びることになり、この時間の長さが季節や日中の長さという概念を生み出すことに。実は、地球の自転は太陽の公転軌道に対して約23.4度ななめに傾いた状態で回転しており、それによってある時期は太陽の陽にあたる時間が長く、ある時期は短いという変化が生まれ、季節の変化や日中の長さの違いになっているのです。

ちなみにこの傾きによって、地球自転軸（地軸）の頂点と底辺にある北極圏や南極圏では1日のほとんどが太陽に向いている時季や太陽に向く時間がほとんどない時季というものが存在し、それが1日中太陽が沈まない「白夜」と1日中太陽が沈んでいる「極夜」を生み出しています。

この地軸がなぜ約23.4度傾いているのか、今後この角度が変化していくのかなどについては、研究が続いているものの定説というものがないのだとか。心地の良い秋晴れや美味しい味覚、紅葉などの絶景を楽しめる季節を生み出しているのは、こうした地球の不思議なんですね！",,photo,https://www.facebook.com/FacebookJapan/photos/a.397151394023.176267.365989369023/10155319200334024/?type=3,2017-09-23 12:00:01,1241,18,70,,1139,57,44,0,1,0,0
365989369023_10155316592679024,"【スマホのカメラで簡単パノラマ写真！】
少しずつ深まる秋、季節の花や紅葉を楽しむために各地へお出かけされる方も多いのではないでしょうか。素敵な景色に巡り合ったら、ぜひカメラで写真に収めてFacebookでシェアしましょうね！

ところで、先日は「全天球カメラ」を使用した360度写真の撮り方やシェアの仕方についてまとめてみましたが、皆さんがお持ちのスマートフォンのカメラでも普段の写真とはひと味ちがった写真を撮影してFacebookでシェアすることができるって、ご存知でしたか？それは、スマートフォンのカメラアプリに搭載されている「パノラマ撮影機能」を活用するというものです。

ほとんどのスマートフォンに搭載されているパノラマ撮影機能では、ガイダンスに合わせて操作することで水平方向180度までのパノラマ写真が簡単に撮影でき、しかもFacebookではパノラマ写真が投稿された際には、写真を360度フォトと自動で認識して最適な処理をします。投稿された写真はスマホを動かしたり画面をスワイプすると画面の中で動かすことができ、撮影時の臨場感を友人・知人とシェアすることが可能です。

今回は、秋の風物詩「曼珠沙華（まんじゅしゃげ／彼岸花）」が500万本以上群生する人気のフォトスポットとして知られる埼玉県日高市の「巾着田」でパノラマ写真を撮影してみました。360度フォトの臨場感をぜひ体験してみてくださいね。ちなみに、この巾着田は日本最大の彼岸花群生地として知られており、9月いっぱいまで楽しめるそうです。
https://www.facebook.com/hidakashikankou/

ちなみに、これまでにFacebookで投稿された360度フォトは7000万枚以上にのぼり、Facebookのスマートフォンアプリには水平方向360度のパノラマ写真を撮影する機能が8月に発表され、全世界で順次実装されています。ぜひ皆さんも大迫力のパノラマ写真で素敵な秋の景色をシェアしてみてはいかがでしょうか。",,photo,https://www.facebook.com/FacebookJapan/photos/a.397151394023.176267.365989369023/10155316589749024/?type=3,2017-09-22 19:00:02,1774,35,101,,1611,104,55,2,1,1,0
365989369023_10155310380444024,"【今日は空の安全を祈念する日】
今日9月20日は「空の日」という記念日。1910年（明治43年）に日本初の動力飛行が成功してから30周年を記念し、1940年に制定された「航空日」を起源に持つとされており、空の安全を祈念する日といわれています。

ところで、この「空の日」にちなんで世界の空の歴史を振り返ってみると、ライト兄弟が「ライトフライヤー号」に乗って世界初の動力飛行に成功したのは1903年の12月17日。ですが、人類の空への挑戦はさらに昔から始まっており、レオナルド・ダ・ヴィンチはかつてヘリコプターやパラシュートの研究をしていたというのは有名なお話。また、18世紀には熱気球による有人飛行がすでに成功し、19世紀になると動力飛行機の研究や試験飛行が数多く行われたと言われています。今では当たり前のように飛行機に乗って世界中に旅行ができますが、その実現には多くの先人の挑戦があるのですね。

ちなみに、人類の空への憧れは最近では宇宙への憧れへと変わり、今では誰もが簡単に宇宙旅行が楽しめる時代を目指して多くの人が挑戦しています。いつの日か、誰でも宇宙旅行の思い出をFacebookでシェアできる時代が来るのかも？夢の実現がこれから楽しみですね！",,photo,https://www.facebook.com/FacebookJapan/photos/a.397151394023.176267.365989369023/10155310376329024/?type=3,2017-09-20 19:00:01,1784,9,53,,1684,85,15,0,0,0,0
365989369023_10155299007034024,"【ある地域のコミュニティから始まった、敬老の日】
今日9月18日は「敬老の日」。長く社会の発展に貢献してきたお年寄りの方々を敬い、長寿をお祝いする日とされています。かつては9月15日でしたが、現在では毎年9月の第3月曜日とされています。ところで、この敬老の日の制定には興味深いエピソードがあるのをご存知でしょうか？

敬老の日が誕生したのは、戦後すぐの1947年9月15日。その年に、兵庫県の野間谷村（現在の多可町）という村で開催された敬老行事が起源とされています（諸説あり）。お年寄りの知恵を借りて、村を元気にしようという趣旨から開催されたのだそうです。

そして、翌1948年には国民の祝日を定めた法律が誕生したのですが、そこでは子どもの成長を祝う「こどもの日」、大人になったことを祝う「成人の日」が祝日になったのに、お年寄りのための祝日がありませんでした。そこで、この野間谷村のお年寄りから「9月15日をお年寄りのための祝日にしよう！」という声が上がり、地元自治体である兵庫県や全国社会福祉協議会が賛同したことなどがきっかけで1966年に敬老の日として国民の祝日になるに至ったのだそうです。

ある地域のコミュニティで生まれたエピソードが全国的な祝日やイベントのきっかけになるというのは海外では多く聞かれますが、日本でも小さなコミュニティで行われたイベントがきっかけになり国民の祝日の制定に至るというケースが存在するのですね！毎年やってくる祝日を紐解いてみると、あまり知られていない色々なトリビアが見えてきます。",,photo,https://www.facebook.com/FacebookJapan/photos/a.397151394023.176267.365989369023/10155299006174024/?type=3,2017-09-18 12:00:00,479,9,12,,458,20,0,0,0,1,0
365989369023_10155295909869024,"【神社の秋祭り、なぜ9月15日に集中するの？】
今日9月15日から週末にかけて、全国各地にある数多くの神社で「例大祭」と呼ばれる秋祭りが開催されます。例大祭というのは、神社にとって1年で最も重要なお祭りとされていますが、皆さんの中でも縁日で遊んだりお神輿を担いだりなど毎年恒例のお祭りとして楽しみにしている方も多いのではないでしょうか。

ところで、この例大祭はなぜ多くの神社で9月15日の周辺に開催されるのでしょうか？全国の神社を包括する団体「神社本庁」に聞いてみたところ、全国には大小無数の神社が存在していますが、例大祭の開催日に関する由来は神社によってすべて異なるのだそうです。9月15日周辺に開催が集中していると感じるのは、米作り＝収穫祭の習慣と関係しているのではないかという説もありますが、実際には8月や10月に行う神社や春に開催する神社も多いのだとか。神社は古代の日本から続く歴史の長い文化のため、現在まで続く習慣のルーツがどこにあるのかについては、未だ明らかになっていない神秘的な部分も多いようです。

そもそも、例大祭は直訳すると「毎年恒例で開催する大きなお祭り」。大きな神社だけでなく、地元の守り神として鎮座する小さな神社にとっても大切なお祭りのようです。神社の文化は地域のコミュニティとも大きな関係があるようですので、地元のお祭りに隠されたストーリーについて探ってみるのも、楽しいかもしれませんね。

今週末は、久しぶりの3連休！秋祭りにお出かけのご予定がある方は、ぜひ素敵な秋の風景をFacebookでシェアしてくださいね。",,photo,https://www.facebook.com/FacebookJapan/photos/a.397151394023.176267.365989369023/10155295908784024/?type=3,2017-09-15 12:00:01,1268,9,53,,1200,50,17,1,0,0,0
365989369023_10155287113879024,"【 NPO/NGO様へのFacebook活用セミナー】
Facebookでは、今週テックスープ・ジャパン様とともに、NPO/NGOの皆さんにFacebookの特徴を知っていただきより効果的な情報発信ツールとして活用していただくためのセミナーを実施しました。今回で3回目となるこのセッションでは、どんな情報を発信したらいいか、他のNPO/NGOと協業するためにはどうしたらよいか、情報発信のための広告フォーマットについてはどんなものがあるか、等をFacebook 社員からご紹介した後、地方活性や震災復興などに携わるNPO/NGOの皆様の効果的なFacebookの情報発信例を共有、アクティブなディスカッションが交わされました。Facebookのミッションは、「コミュニティづくりを応援し、人と人が身近になる世界を実現する」です。 NPO/NGO様が目指すコミュニティづくりをこれからもサポートします。ご出席いただいた皆様、どうもありがとうございました！",Photos from フェイスブック's post,photo,https://www.facebook.com/FacebookJapan/photos/a.397151394023.176267.365989369023/10155287112834024/?type=3,2017-09-11 05:45:44,315,2,5,,303,12,0,0,0,0,0
365989369023_10155279948414024,"【「自殺」という悲しみを生み出さないために】
今日9月10日は、世界保健機関 (WHO)が制定した世界自殺予防デー。自殺によって生まれる新たな悲しみを世界中からなくすために、自殺やそれに繋がる心の病気に対する世の中の関心を喚起し、自殺を防止するための行動を啓発する日とされており、日本では今日から16日までを自殺予防週間と定めています。

私たちFacebookはこれまで、困難な状況に陥り誰かの助けを必要としている人たちに寄り添い、自殺を防止するためにできる支援の在り方をメンタルヘルスに関する団体などと共に考え、「自殺防止ポータル」というサービスを通じて利用者の皆さまに提供してきました。

この自殺防止ポータルでは、友人とのコミュニケーションの中でどのような自殺の兆候が考えられるのか、悩みや困難を抱えている友人とどのようなコミュニケーションを取ればいいのか、そしてFacebook上で友人が自殺や自傷行為をほのめかした際に、Facebookではどのような支援ができるのかなどをわかりやすく説明しています。

悩みや困難を抱えている友人・知人は、もしかしたらFacebookでその悩みを打ち明けていないだけなのかもしれません。そして、自殺や自傷行為をほのめかす友人・知人のサインは、突然タイムラインに現れるかもしれません。自殺は誰の身近にも起きうることであり、それはあなたのほんの少しのサポートによって防ぐことができるものです。「自殺」という言葉を聞いて“自分には関係ないこと”と感じている利用者の方も、ぜひ一度この自殺防止ポータルをご覧ください。

そしてもし、友人がタイムラインなどで自殺や自傷行為をほのめかした場合には、速やかにFacebookに知らせてください。私たちFacebookはあらゆる利用者からの助けを求める声に対して、24時間体制で対応する準備を整えています。

加えてFacebookでは、自殺防止の専門家と共に、自殺や自傷行為をほのめかすフレーズやハッシュタグ、グループ名を収集する取り組みを行っており、該当するフレーズで検索をする利用者に支援を提供しています。また、自殺や自傷行為を助長するようなコミュニティやコンテンツを早期に発見し、削除する取り組みを進めています。

世の中から自殺という悲しみをなくしていくためには、悩みや困難を抱えている人を身近にいる家族や友人、そしてコミュニティが皆で支えていくことが大切です。私たちFacebookも、サービスの運営や機能拡充を通じて、助けを必要としている人とその家族・友人をサポートし続けてまいります。

https://www.facebook.com/safety/wellbeing",Safety Center,link,https://www.facebook.com/safety/wellbeing,2017-09-10 12:00:00,701,22,95,,638,46,12,0,4,1,0
365989369023_10155276775329024,"【明日から「SPORTS of HEART2017 in 大分」が開催されます】
先日ご紹介させていただいた、一般社団法人スポーツオブハート主催「スポーツ・オブ・ハート2017」へはたくさんの反響をいただきありがとうございました。
（前回のポスト：https://www.facebook.com/FacebookJapan/posts/10155259989949024）
今年は初の地方開催地として、明日から3日間に渡り、大分市共催のもと「スポーツ・オブ・ハート2017 in大分」が開催されます。

会場はJR大分駅前広場・中央通り・いこいの道・近隣小学校３校を予定しております。
スポーツプログラムやステージプログラムはもちろん、アートワークショップやお笑いステージ、トークショーなどが開催され、ご家族やお友達と、一日中楽しめる空間になります。
詳しいプログラムはHPからご覧いただけますので、是非、お近くの方はお越しください！
http://s-heart.org/oita

また「スポーツ・オブ・ハート公式Facebookぺ―ジ」では、10月15日（日）まで寄付を受け付けています。
1いいね！を1円と換算し、期間中に集まった「いいね！」が寄付され、今後の障がい者スポーツ発展のために役立てられます。
引き続き、皆様からの「いいね！」をお待ちしております。
https://www.facebook.com/sportsofheart2017/",フェイスブック,photo,https://www.facebook.com/FacebookJapan/photos/a.397151394023.176267.365989369023/10155259987324024/?type=3,2017-09-07 19:00:00,1075,7,0,,1028,41,5,1,0,0,0
365989369023_10155277304954024,"【明日から「SPORTS of HEART2017 in 大分」が開催されます】
先日ご紹介させていただいた、一般社団法人スポーツオブハート主催「スポーツ・オブ・ハート2017」へはたくさんの反響をいただきありがとうございました。（前回のポスト：https://www.facebook.com/FacebookJapan/posts/10155259989949024）
今年は初の地方開催地として、明日から3日間に渡り、大分市共催のもと「スポーツ・オブ・ハート2017 in大分」が開催されます。

会場はJR大分駅前広場・中央通り・いこいの道・近隣小学校３校を予定しております。スポーツプログラムやステージプログラムはもちろん、アートワークショップやお笑いステージ、トークショーなどが開催され、ご家族やお友達と、一日中楽しめる空間になります。
詳しいプログラムはHPからご覧いただけますので、是非、お近くの方はお越しください！
http://s-heart.org/oita

また「スポーツ・オブ・ハート公式Facebookぺ―ジ」では、10月15日（日）まで寄付を受け付けています。
1いいね！を1円と換算し、期間中に集まった「いいね！」が寄付され、今後の障がい者スポーツ発展のために役立てられます。
引き続き、皆様からの「いいね！」をお待ちしております。
https://www.facebook.com/sportsofheart2017/",スポーツ・オブ・ハート,link,https://www.facebook.com/sportsofheart2017/,2017-09-07 19:00:00,185,1,0,,179,6,0,0,0,0,0
365989369023_10155271475614024,"【先日、スマダンさんにて紹介されました！】
360度動画でフェイスブック ジャパンのオフィスの様子が見れちゃいます！皆様、是非ご覧ください！",スマダン,video,https://www.facebook.com/smartdanshi/videos/474084652966507/,2017-09-05 12:00:37,225,5,0,,201,8,14,2,0,0,0
365989369023_10155268942534024,"【秋もイベントが盛りだくさん！】
9月に入って過ごしやすいお天気になってきました。週末になると、どこかへお出かけしたくなってしまいますね。今月も、全国各地で秋のお祭りやイベントが数多く開催されます。楽しいイベントの風景や思い出は、ぜひFacebookカメラで撮影してシェアしてくださいね！

先週末には、日比谷公園で開催されたドイツビールの祭典「オクトーバーフェスト」に行ってきました。オクトーバーフェストはドイツ・ミュンヘンで1800年代から続く秋の風物詩。1810年に当時の皇太子の結婚式をミュンヘン市民がお祝いしたのが始まりなのだそうです。日本には2003年にはじめて開催され、今年で15周年を迎えるとのこと。10日間の日程で約6万人以上の来場者を見込んでおり、会場で消費されるビールの量はなんと5000万ml（500mlグラスで10万杯分！）を超えるのだとか。

会場では、本場ドイツから来日した楽団によるステージが行われたり、ドイツの民族衣装でコスプレ体験ができたり、多くの人がドイツの文化に触れて楽しんでいました。盛り上がるステージの模様を360度写真でぜひご覧ください！

https://www.facebook.com/oktoberfest1810",,photo,https://www.facebook.com/FacebookJapan/photos/a.397151394023.176267.365989369023/10155268940899024/?type=3,2017-09-04 19:00:00,528,8,25,,483,31,12,2,0,0,0
365989369023_10155259999784024,"【防災を、日常生活の“当たり前”に】
今日9月1日は「防災の日」。台風や豪雨、地震や津波といった自然災害に対する防災意識を啓発する日として制定され、8月30日から9月5日までは「防災週間」として全国各地で防災に関するイベントなどが開催されます。

ただ、自然災害はいつやってくるかわからないもの。私たちはこうした記念日に関係なく、日常生活の中で常に防災に対する意識や備えをしておく必要があるのではないでしょうか。2013年から活動している、一般社団法人防災ガールの皆さんは、こうした“日常生活の中に防災がある状態”を防災のあるべき姿だと考え、新しい防災の価値提案をしています。

「防災ガール」は、代表者の田中美咲さんが2011年に発生した東日本大震災の復興支援活動を従事していたなかで「災害多発国である日本の将来には、同じようなことを繰り返さないための“予防”が必要だ」と感じて設立。災害発生＝緊急事態という“非日常”の準備をするという従来の防災とは異なり、日常の中にあるものを創意工夫することでもしものときに備えるという“防災の備えがあたり前の日常”を、商品開発やイベント開催などを通して提案しています。

これまで全国で120名ほどのメンバーが活動に携わっており、津波避難の新しい合図としてオレンジ色のフラッグを普及させる「#beORANGE」、防災を含む日常生活の知恵や工夫を実験・研究する「生き抜く知恵の実験室 WEEL」、日常生活に身近な防災を紹介するデジタルメディア「bosai-girl.com」などの活動を展開。防災週間には宮崎でオレンジフラッグの普及活動「オレンジフラッグウィーク in 宮崎青島」を開催するほか、9月2日、3日には東京・渋谷で「SHIBUYA BOSAI FES」に参加するそうです。

「防災ガールのFacebookページでは運営メディアの更新情報やイベントの告知、皆さんの“いいね！”に対するありがとう動画などを掲載しています。おかげ様で、“いいね！”の数はもうすぐ10,000に到達します。達成した際には記念した企画を立ち上げて、応援してくださる皆さんに感謝の気持ちを伝えることができればと思っています」（事務局の筒木愛美さん）。

https://www.facebook.com/bosaigirl/",Photos from フェイスブック's post,photo,https://www.facebook.com/FacebookJapan/photos/a.397151394023.176267.365989369023/10155259997399024/?type=3,2017-09-01 19:00:00,595,8,25,,566,28,0,0,0,1,0
365989369023_10155259989949024,"【あなたの「いいね！」で障がい者スポーツを応援しませんか？】

Facebookでは、日本中で活動するさまざまなコミュニティを応援しています。
今回は、一般社団法人スポーツオブハートが主催する「スポーツ・オブ・ハート2017」をご紹介。障がいのある人ない人も、みんなで楽しめるスポーツと文化の祭典として、毎年10月に東京・代々木公園で開催され今年で５回目を迎えます。

写真は昨年の様子から。ノーマライズ駅伝や、車いすバスケットボールなどのスポーツプログラムのほか、華やかなランウェイで盛り上がったファッションショーや、ミュージックフェスなども開催されました。世界で活躍する障がい者アスリートやアーティストならではのテクニックや魅力、凄さを間近で体感することができ、3日間で5万5千人以上の方が参加しました。
今年は10月の東京開催に先駆け、9月8日から10日までの3日間、初の地方開催として大分での開催が決定。その活動の輪はますます広がっています。

また本日9月1日（金）から10月15日（日）まで「スポーツ・オブ・ハート公式Facebookぺ―ジ」では、寄付を受け付けています。
1いいね！を1円と換算し、期間中に集まった「いいね！」が寄付され、今後の障がい者スポーツ発展のために役立てられます。

皆様からの「いいね！」をお待ちしております。
https://www.facebook.com/sportsofheart2017/",Photos from フェイスブック's post,photo,https://www.facebook.com/FacebookJapan/photos/a.397151394023.176267.365989369023/10155259987324024/?type=3,2017-09-01 12:00:16,3668,16,70,,3527,128,11,1,0,1,0
